postcode,year,residents,under15,age65plus
1011,2024,10010,680,2025
1012,2024,9120,335,825
1013,2024,23020,2210,3625
1014,2024,4950,835,325
1015,2024,14965,1055,2620
1016,2024,11355,745,1995
1017,2024,13550,960,1845
1018,2024,23430,1910,3975
1019,2024,20630,2425,2730
1021,2024,7040,930,935
1022,2024,5160,970,290
1023,2024,4610,770,1005
1024,2024,14175,2940,1610
1025,2024,16485,2285,3280
1026,2024,550,95,100
1027,2024,540,70,110
1028,2024,605,95,150
1031,2024,9620,1250,910
1032,2024,6425,1160,905
1033,2024,14680,1780,2230
1034,2024,14935,2750,2430
1035,2024,11025,2095,1765
1036,2024,2755,820,100
1037,2024,145,10,45
1041,2024,-99997,-99997,-99997
1042,2024,5,-99997,-99997
1043,2024,1185,80,15
1044,2024,-99997,-99997,-99997
1045,2024,-99997,-99997,-99997
1046,2024,125,-99997,-99997
1047,2024,30,5,5
1051,2024,13170,1245,1585
1052,2024,11980,965,1745
1053,2024,16495,1475,2165
1054,2024,17300,1650,2150
1055,2024,20940,2480,1835
1056,2024,20270,2180,1775
1057,2024,17290,1890,1745
1058,2024,15750,1890,1640
1059,2024,7110,675,595
1060,2024,9925,1555,1295
1061,2024,16995,2835,1305
1062,2024,15585,1705,970
1063,2024,12455,2260,1405
1064,2024,16815,2770,2295
1065,2024,12135,2035,1805
1066,2024,19130,2900,3200
1067,2024,20425,4135,2520
1068,2024,18330,2835,3090
1069,2024,26255,4780,3525
1071,2024,12735,1635,2550
1072,2024,13835,995,1655
1073,2024,13395,1135,1770
1074,2024,8370,780,1240
1075,2024,10470,1330,1485
1076,2024,11390,1460,1715
1077,2024,10120,1795,1845
1078,2024,14690,1725,2090
1079,2024,14700,1490,2285
1081,2024,5800,780,1535
1082,2024,12790,1650,1955
1083,2024,8735,1035,1655
1086,2024,4920,885,235
1087,2024,21045,4340,1220
1091,2024,16850,1745,2110
1092,2024,8560,1040,1095
1093,2024,10130,1125,1600
1094,2024,12145,1335,1360
1095,2024,15645,2045,1860
1096,2024,5935,495,315
1097,2024,16360,2060,2445
1098,2024,15515,2205,1990
1101,2024,1060,100,10
1102,2024,25765,3285,2540
1103,2024,14305,2060,2385
1104,2024,15840,2705,2055
1105,2024,2810,55,15
1106,2024,17905,2880,3440
1107,2024,11570,1740,2315
1108,2024,3135,380,620
1109,2024,1675,320,290
1111,2024,15220,2375,2590
1112,2024,14305,1995,1845
1113,2024,3450,495,770
1114,2024,300,30,25
1115,2024,5270,830,1070
1117,2024,15,-99997,-99997
1118,2024,110,15,-99997
1119,2024,110,15,5
1121,2024,10405,1830,2435
1127,2024,850,115,185
1131,2024,8920,1275,2725
1132,2024,13820,2165,2030
1135,2024,7340,1060,1910
1141,2024,9755,1440,2660
1145,2024,330,60,70
1151,2024,2770,490,650
1153,2024,305,45,70
1154,2024,125,20,45
1156,2024,1730,185,505
1161,2024,8140,1365,1640
1165,2024,2615,350,645
1171,2024,14625,2595,2695
1175,2024,915,110,180
1181,2024,21615,4290,3555
1182,2024,3890,670,820
1183,2024,15295,1950,2425
1184,2024,625,90,110
1185,2024,12760,2045,2765
1186,2024,14500,2340,3890
1187,2024,18500,3690,2870
1188,2024,7315,1180,1820
1189,2024,515,65,140
1191,2024,8880,1520,2085
1211,2024,10230,1225,1235
1212,2024,3710,575,690
1213,2024,7890,1425,1810
1214,2024,7640,1250,1410
1215,2024,10240,1895,1825
1216,2024,9050,1390,2485
1217,2024,7800,1090,2140
1218,2024,4165,655,1310
1221,2024,9500,1680,1080
1222,2024,11400,2020,1840
1223,2024,12805,2505,1845
1231,2024,9350,1450,2255
1241,2024,6595,915,1825
1243,2024,1410,160,360
1244,2024,1490,210,350
1251,2024,11080,1690,3635
1252,2024,355,50,50
1261,2024,11125,2055,2980
1262,2024,1600,510,110
1271,2024,8360,1280,2005
1272,2024,6270,1045,1740
1273,2024,8690,1245,2625
1274,2024,6345,915,1240
1275,2024,2005,275,595
1276,2024,7510,1160,1980
1277,2024,2010,245,510
1309,2024,35,-99997,15
1311,2024,4860,825,885
1312,2024,6935,1135,1070
1313,2024,4210,690,860
1314,2024,6825,1120,815
1315,2024,4880,585,610
1316,2024,4070,540,935
1317,2024,4070,690,750
1318,2024,9490,1455,1035
1319,2024,7335,1885,425
1321,2024,9695,1735,1030
1322,2024,140,5,5
1323,2024,6260,930,1320
1324,2024,10455,1795,1865
1325,2024,10675,1595,1715
1326,2024,11100,1830,1460
1327,2024,5,-99997,-99997
1328,2024,9910,1690,1270
1329,2024,-99997,-99997,-99997
1331,2024,195,20,25
1332,2024,10,-99997,5
1333,2024,12450,2190,1990
1334,2024,2465,305,520
1335,2024,12470,2165,1155
1336,2024,9805,2105,800
1338,2024,9670,1555,1510
1339,2024,11305,1970,950
1341,2024,4070,1325,150
1343,2024,1605,215,365
1349,2024,5245,1115,520
1351,2024,2010,350,530
1352,2024,1695,255,410
1353,2024,4975,865,1130
1354,2024,3160,565,480
1355,2024,3070,565,700
1356,2024,2750,485,730
1357,2024,3440,510,965
1358,2024,700,100,110
1359,2024,2660,595,420
1361,2024,4665,1165,455
1362,2024,990,285,5
1363,2024,16150,3925,925
1381,2024,5330,785,1340
1382,2024,10315,1695,1970
1383,2024,3565,535,895
1384,2024,4385,1665,85
1391,2024,8260,1610,1700
1393,2024,1580,290,325
1394,2024,5570,940,1345
1396,2024,1460,290,315
1398,2024,5530,1320,990
1399,2024,3030,485,780
1401,2024,4760,945,840
1402,2024,9545,1970,1665
1403,2024,9410,1580,2140
1404,2024,3585,365,795
1405,2024,2845,595,545
1406,2024,3430,490,915
1411,2024,10495,1820,2405
1412,2024,7735,1705,1545
1421,2024,6085,940,1085
1422,2024,15310,2960,2800
1423,2024,5530,755,1105
1424,2024,4760,725,860
1426,2024,895,105,225
1427,2024,980,130,210
1428,2024,115,15,30
1431,2024,13480,1840,3240
1432,2024,10545,1780,1430
1433,2024,9255,1620,1695
1435,2024,4415,635,965
1436,2024,510,45,110
1437,2024,75,-99997,5
1438,2024,165,10,35
1441,2024,15140,1965,3810
1442,2024,7245,1080,1440
1443,2024,8115,1310,1915
1444,2024,6785,710,2180
1445,2024,9605,1515,1875
1446,2024,5040,755,1040
1447,2024,12350,1725,2695
1448,2024,19265,2990,3080
1451,2024,405,50,70
1452,2024,1815,300,430
1454,2024,550,105,110
1456,2024,1950,280,395
1458,2024,180,20,45
1461,2024,4485,920,845
1462,2024,5745,1015,1130
1463,2024,625,95,125
1464,2024,775,125,160
1471,2024,800,80,200
1472,2024,700,95,170
1473,2024,780,95,205
1474,2024,3630,550,820
1475,2024,525,70,130
1476,2024,115,15,35
1477,2024,170,15,55
1481,2024,110,10,25
1482,2024,140,15,35
1483,2024,4270,670,985
1484,2024,885,100,255
1485,2024,85,10,20
1486,2024,755,65,220
1487,2024,145,10,30
1488,2024,220,40,50
1489,2024,150,15,25
1501,2024,6515,1090,1025
1502,2024,8890,1325,2005
1503,2024,11390,2090,2215
1504,2024,8415,1675,1075
1505,2024,7080,1330,875
1506,2024,14125,1880,2570
1507,2024,13400,2065,2140
1508,2024,5130,840,625
1509,2024,6495,875,1860
1511,2024,9695,1495,2135
1521,2024,12300,1785,2575
1525,2024,570,65,115
1531,2024,13255,1935,3200
1534,2024,485,45,130
1536,2024,320,40,75
1541,2024,11255,1615,2835
1544,2024,8515,1180,1855
1546,2024,685,75,185
1551,2024,5090,680,1065
1561,2024,8330,1165,2070
1562,2024,9000,1395,2100
1566,2024,13250,2020,2555
1567,2024,11620,2890,625
1601,2024,7610,855,2295
1602,2024,11285,1965,2025
1606,2024,4300,650,995
1607,2024,1645,240,340
1608,2024,1535,210,320
1609,2024,105,-99997,30
1611,2024,10160,1540,2390
1613,2024,9790,1625,2165
1614,2024,2265,310,610
1616,2024,8695,1405,2045
1617,2024,1830,300,380
1619,2024,7225,1090,1675
1621,2024,5825,430,1590
1622,2024,7855,1220,1580
1623,2024,2595,400,595
1624,2024,5990,925,1450
1625,2024,9940,1430,2980
1627,2024,15,-99997,-99997
1628,2024,20400,3110,3095
1631,2024,435,40,105
1633,2024,3455,455,840
1634,2024,525,70,135
1636,2024,1260,195,275
1641,2024,1060,145,240
1642,2024,45,10,15
1643,2024,475,65,105
1645,2024,2975,460,640
1646,2024,75,10,15
1647,2024,2675,360,660
1648,2024,3825,735,620
1652,2024,550,100,130
1654,2024,750,100,175
1655,2024,930,130,200
1657,2024,2050,280,550
1658,2024,170,15,35
1661,2024,425,50,90
1662,2024,300,30,65
1663,2024,115,20,20
1671,2024,8655,1310,2025
1674,2024,1985,310,395
1676,2024,1070,130,290
1678,2024,865,100,225
1679,2024,2545,375,565
1681,2024,280,35,50
1682,2024,230,35,30
1683,2024,205,30,40
1684,2024,590,110,90
1685,2024,480,85,90
1686,2024,130,15,25
1687,2024,6345,1020,1465
1688,2024,2600,410,605
1689,2024,17600,3620,2770
1691,2024,710,100,165
1692,2024,20,-99997,5
1693,2024,8170,1265,1855
1695,2024,5420,930,1555
1696,2024,1545,250,295
1697,2024,840,105,255
1701,2024,9175,1420,2295
1702,2024,8505,1215,2340
1703,2024,12735,1760,3050
1704,2024,10070,1890,1555
1705,2024,17010,3290,1855
1706,2024,3715,980,305
1711,2024,1590,235,375
1713,2024,5975,960,1310
1715,2024,4815,785,990
1716,2024,2135,300,520
1718,2024,3940,580,995
1719,2024,465,65,145
1721,2024,6045,1005,1305
1722,2024,6865,1090,1610
1723,2024,5985,925,1405
1724,2024,3840,550,745
1731,2024,3505,650,620
1732,2024,780,105,175
1733,2024,3320,425,845
1734,2024,395,40,105
1735,2024,2275,375,515
1736,2024,395,60,85
1738,2024,2760,415,610
1741,2024,13140,1910,3720
1742,2024,6565,920,1620
1744,2024,1845,225,530
1746,2024,1685,215,455
1747,2024,3855,590,855
1749,2024,6090,810,1490
1751,2024,2115,285,515
1752,2024,735,90,180
1753,2024,665,65,155
1754,2024,885,125,170
1755,2024,1650,215,425
1756,2024,2625,460,580
1757,2024,705,55,170
1759,2024,2405,235,825
1761,2024,8735,1260,1985
1764,2024,3810,540,850
1766,2024,2380,370,420
1767,2024,1070,145,215
1768,2024,910,105,210
1769,2024,175,25,60
1771,2024,6080,875,1480
1773,2024,575,115,65
1774,2024,2195,375,355
1775,2024,4330,590,845
1777,2024,5240,715,1400
1778,2024,915,115,245
1779,2024,2430,360,600
1781,2024,9175,1090,1810
1782,2024,10330,1400,2370
1783,2024,2615,370,705
1784,2024,9295,1445,2210
1785,2024,9090,1100,3190
1786,2024,150,10,45
1787,2024,3480,585,760
1788,2024,11715,1775,2655
1789,2024,580,65,195
1791,2024,7205,915,2175
1792,2024,1465,190,310
1793,2024,335,30,95
1794,2024,1315,210,310
1795,2024,1160,165,300
1796,2024,1360,145,310
1797,2024,970,90,320
1811,2024,5460,335,770
1812,2024,220,15,60
1813,2024,9025,1480,1500
1814,2024,9635,1490,2505
1815,2024,7200,910,1555
1816,2024,8540,1145,1815
1817,2024,4290,675,830
1821,2024,1660,245,330
1822,2024,6455,1460,660
1823,2024,7420,1110,1550
1824,2024,7720,1225,1770
1825,2024,9095,1355,1935
1826,2024,6495,995,1515
1827,2024,10325,1600,2055
1829,2024,4050,570,1240
1831,2024,2395,340,625
1832,2024,265,40,60
1834,2024,5860,925,1370
1841,2024,2105,365,395
1842,2024,605,75,160
1843,2024,710,90,190
1844,2024,230,25,60
1846,2024,395,60,80
1847,2024,260,50,50
1851,2024,12695,1720,3195
1852,2024,10415,1420,3355
1853,2024,1200,295,115
1861,2024,6455,700,2485
1862,2024,6205,740,2215
1865,2024,335,35,135
1871,2024,4765,485,1670
1873,2024,1460,165,410
1901,2024,14765,2200,3920
1902,2024,8595,1190,2470
1906,2024,7775,1100,1985
1911,2024,13400,2065,2680
1921,2024,5085,745,1185
1931,2024,4590,440,1720
1934,2024,3560,470,885
1935,2024,2570,310,645
1941,2024,3730,325,860
1942,2024,2490,280,595
1943,2024,5365,930,1060
1944,2024,7205,1130,1450
1945,2024,7235,970,1950
1946,2024,4665,870,710
1947,2024,3865,600,670
1948,2024,6165,1355,360
1949,2024,2150,225,530
1951,2024,5710,1020,805
1961,2024,1280,85,550
1962,2024,7800,1240,1755
1963,2024,5570,845,1515
1964,2024,7010,910,1955
1965,2024,5925,765,1460
1966,2024,5085,795,1100
1967,2024,5210,950,625
1968,2024,310,30,110
1969,2024,1260,190,275
1971,2024,8960,1335,1455
1972,2024,8230,1170,1690
1973,2024,5900,930,1210
1974,2024,6215,935,1635
1975,2024,2870,420,520
1976,2024,315,20,115
1981,2024,2135,270,700
1985,2024,3155,405,1070
1991,2024,13095,1865,2795
1992,2024,1985,305,340
2011,2024,14600,1205,2305
2012,2024,13090,2065,2755
2013,2024,8295,1420,1180
2014,2024,8875,1735,1325
2015,2024,5700,910,1280
2019,2024,150,20,30
2021,2024,9150,1360,980
2022,2024,9170,1765,1240
2023,2024,13395,2920,2240
2024,2024,9275,1740,1810
2025,2024,9790,1670,1785
2026,2024,5670,1100,1005
2031,2024,2030,320,330
2032,2024,8215,1265,1220
2033,2024,13130,2080,2695
2034,2024,10250,1475,2075
2035,2024,9255,1765,1155
2036,2024,7625,1080,1830
2037,2024,9380,1665,1910
2041,2024,7870,1060,1840
2042,2024,8570,985,2495
2051,2024,4570,955,940
2061,2024,6745,1065,2115
2063,2024,600,90,165
2064,2024,3545,680,650
2065,2024,315,40,75
2071,2024,7240,1155,1805
2082,2024,3360,545,785
2101,2024,7610,1225,2395
2102,2024,5505,1115,1600
2103,2024,3790,780,745
2104,2024,3730,580,1065
2105,2024,3900,550,1240
2106,2024,3055,620,610
2111,2024,4850,925,1260
2114,2024,2195,275,645
2116,2024,1025,135,440
2121,2024,5420,855,1575
2131,2024,10995,1660,2940
2132,2024,14035,2075,2540
2133,2024,7815,1200,1745
2134,2024,28080,4690,3960
2135,2024,18970,3415,2835
2136,2024,2185,335,385
2141,2024,4915,755,945
2142,2024,1830,310,280
2143,2024,140,15,30
2144,2024,1000,130,190
2151,2024,15840,2545,2600
2152,2024,12555,2200,1485
2153,2024,3360,515,840
2154,2024,335,45,90
2155,2024,55,10,15
2156,2024,375,55,100
2157,2024,1265,220,260
2158,2024,480,60,130
2159,2024,410,45,110
2161,2024,13150,1930,3370
2162,2024,7480,1210,1535
2163,2024,2815,375,755
2165,2024,3335,500,670
2171,2024,10450,1425,2570
2172,2024,5635,940,1125
2181,2024,9915,1505,1975
2182,2024,12905,1915,2935
2191,2024,2395,345,560
2201,2024,13570,1935,3055
2202,2024,8050,960,2170
2203,2024,4950,810,1155
2204,2024,1035,155,240
2211,2024,14735,2165,3390
2212,2024,995,250,80
2215,2024,16475,2780,2875
2216,2024,800,175,125
2221,2024,13470,2325,2715
2222,2024,20,-99997,-99997
2223,2024,6245,1015,1305
2224,2024,9675,1705,1735
2225,2024,14055,2460,2970
2231,2024,16405,2700,3255
2232,2024,825,185,100
2235,2024,6270,1435,850
2236,2024,-99997,-99997,-99997
2241,2024,10370,1685,2520
2242,2024,9525,1485,2380
2243,2024,2945,365,1095
2244,2024,2075,455,380
2245,2024,2185,330,585
2251,2024,11215,1605,2850
2252,2024,5360,950,1315
2253,2024,8205,1430,1975
2254,2024,840,170,135
2261,2024,4970,690,1735
2262,2024,3305,460,690
2263,2024,6035,1075,1380
2264,2024,8655,1385,2380
2265,2024,4935,720,1445
2266,2024,6625,1100,1435
2267,2024,410,75,110
2271,2024,7260,1310,1755
2272,2024,8520,1410,2320
2273,2024,11025,1440,2535
2274,2024,11665,1845,1560
2275,2024,4820,960,935
2281,2024,4720,780,780
2282,2024,10490,1485,2015
2283,2024,6480,900,1400
2284,2024,5165,680,1280
2285,2024,8680,1145,2350
2286,2024,13430,3280,2750
2287,2024,4475,865,880
2288,2024,4365,915,450
2289,2024,1835,290,435
2291,2024,13985,2620,2815
2292,2024,2825,505,330
2295,2024,3920,590,815
2311,2024,11355,640,1265
2312,2024,15260,700,1530
2313,2024,12375,1945,2085
2314,2024,6200,965,1380
2315,2024,8715,1265,1170
2316,2024,10725,1570,1215
2317,2024,10720,1695,2460
2318,2024,3245,580,710
2321,2024,12795,1355,1515
2322,2024,225,20,15
2323,2024,170,10,45
2324,2024,9965,980,2295
2331,2024,10705,1485,2345
2332,2024,10545,1370,2120
2333,2024,4300,250,345
2334,2024,2805,455,485
2341,2024,10105,1700,2410
2342,2024,4570,1195,345
2343,2024,11270,1820,2755
2351,2024,5335,935,1025
2352,2024,8935,1380,2115
2353,2024,13465,2005,3385
2355,2024,1715,205,440
2361,2024,4950,645,1370
2362,2024,165,10,60
2371,2024,10395,1870,2120
2374,2024,750,95,170
2375,2024,1645,275,310
2376,2024,715,100,120
2377,2024,3740,570,790
2381,2024,5845,800,1510
2382,2024,3815,660,590
2391,2024,6330,1075,1380
2394,2024,5860,920,1270
2396,2024,4130,630,1120
2401,2024,9370,1540,1885
2402,2024,13500,2090,3075
2403,2024,10110,1715,2120
2404,2024,5355,580,1220
2405,2024,8235,1155,1610
2406,2024,9710,1570,1890
2407,2024,885,90,195
2408,2024,17955,3135,2870
2409,2024,45,5,10
2411,2024,17715,2865,3900
2412,2024,2030,620,40
2415,2024,1940,305,315
2421,2024,9385,1480,2185
2431,2024,1820,275,435
2432,2024,195,25,55
2435,2024,3060,445,655
2441,2024,4390,705,815
2445,2024,1220,185,260
2451,2024,4825,715,1120
2461,2024,9725,1510,2295
2465,2024,1270,150,320
2471,2024,1855,200,370
2481,2024,3700,545,855
2491,2024,245,20,50
2492,2024,12275,1935,1930
2493,2024,8085,1945,495
2495,2024,170,30,35
2496,2024,11520,2325,1060
2497,2024,10200,1765,1195
2498,2024,5715,1130,380
2511,2024,5580,505,595
2512,2024,14850,1735,1725
2513,2024,8245,1020,1240
2514,2024,3890,305,650
2515,2024,13180,1880,1540
2516,2024,10540,1590,855
2517,2024,11620,1455,1905
2518,2024,11915,1385,1400
2521,2024,12730,1520,920
2522,2024,12930,1765,1085
2523,2024,5680,835,425
2524,2024,6725,1080,570
2525,2024,17340,2865,1705
2526,2024,12870,2290,1755
2531,2024,9390,1620,955
2532,2024,6035,1240,725
2533,2024,7410,1440,1075
2541,2024,8090,1470,860
2542,2024,10615,2150,1480
2543,2024,6390,1245,860
2544,2024,12770,2415,1895
2545,2024,13235,2425,1950
2546,2024,6305,985,725
2547,2024,8445,1070,1750
2548,2024,23860,4785,2990
2551,2024,11385,1760,3150
2552,2024,16160,2380,4090
2553,2024,12675,2400,2360
2554,2024,2565,285,840
2555,2024,9280,880,3600
2561,2024,5535,805,585
2562,2024,11120,1405,1310
2563,2024,10450,1500,1145
2564,2024,11595,1935,2105
2565,2024,12385,1945,2530
2566,2024,6685,1175,1745
2571,2024,11190,1805,1280
2572,2024,9700,1810,1010
2573,2024,10630,1685,685
2574,2024,7330,1075,840
2581,2024,3165,520,505
2582,2024,9250,1585,1595
2583,2024,12190,1880,2505
2584,2024,7150,1070,1555
2585,2024,6935,820,1680
2586,2024,8075,1065,1680
2587,2024,8430,1275,1810
2591,2024,7560,1200,1325
2592,2024,7095,995,1620
2593,2024,8955,1090,1180
2594,2024,2030,210,595
2595,2024,10650,1450,1045
2596,2024,8035,1535,1725
2597,2024,9130,1340,3080
2611,2024,13935,810,1920
2612,2024,9825,1245,1940
2613,2024,13680,1665,1925
2614,2024,12775,2580,1770
2616,2024,90,5,15
2622,2024,7985,1085,1730
2623,2024,6065,755,1475
2624,2024,14760,1540,2175
2625,2024,14525,1960,2905
2626,2024,60,10,-99997
2627,2024,1535,150,345
2628,2024,13970,1270,1530
2629,2024,370,40,50
2631,2024,15295,2430,2735
2632,2024,3670,685,400
2635,2024,8430,1555,1510
2636,2024,4315,610,1105
2641,2024,15030,2655,3245
2642,2024,8880,1730,930
2643,2024,6080,1645,725
2645,2024,8975,1415,1275
2651,2024,19035,3585,3685
2652,2024,14920,3795,1655
2661,2024,13260,2180,2405
2662,2024,6485,1545,500
2665,2024,11895,2105,2590
2671,2024,13735,1955,3560
2672,2024,5960,1090,1190
2673,2024,3250,705,555
2675,2024,7825,1110,1320
2676,2024,4535,715,795
2678,2024,13130,2170,2565
2681,2024,14425,2025,3180
2684,2024,740,130,185
2685,2024,7870,1445,1495
2691,2024,14480,2185,3215
2692,2024,4245,845,750
2693,2024,1725,315,210
2694,2024,3285,700,495
2711,2024,4740,435,1425
2712,2024,6140,890,1250
2713,2024,6445,900,1605
2715,2024,6015,1055,1090
2716,2024,10165,1760,2300
2717,2024,7850,1615,1530
2718,2024,8970,1415,1860
2719,2024,11875,1690,3295
2721,2024,11385,2290,1725
2722,2024,5545,970,1010
2723,2024,3965,665,675
2724,2024,7165,1125,1500
2725,2024,5830,840,1930
2726,2024,6255,1040,1475
2727,2024,5330,1045,930
2728,2024,8465,1280,1920
2729,2024,12285,2410,1375
2731,2024,3595,710,725
2735,2024,75,10,10
2741,2024,12215,2135,2315
2742,2024,14860,3455,2230
2743,2024,6925,1030,1605
2751,2024,4870,1130,855
2752,2024,380,60,50
2761,2024,10270,2180,1745
2771,2024,16815,2660,3395
2801,2024,8555,905,1600
2802,2024,9680,1595,1595
2803,2024,9925,1395,2755
2804,2024,12095,1760,3485
2805,2024,11005,1780,2180
2806,2024,10010,1595,1760
2807,2024,10660,1735,1820
2808,2024,435,50,80
2809,2024,3385,940,160
2811,2024,11130,1825,2790
2821,2024,5440,995,1125
2825,2024,1735,350,345
2831,2024,2615,455,490
2841,2024,9050,1540,1770
2851,2024,4340,680,1115
2855,2024,650,120,120
2861,2024,7100,1160,1735
2865,2024,1695,270,345
2871,2024,12065,1710,2885
2872,2024,1630,475,70
2901,2024,9290,1315,1840
2902,2024,8510,1295,2005
2903,2024,8540,1455,2255
2904,2024,8215,1275,2030
2905,2024,6735,1210,1550
2906,2024,5570,855,1315
2907,2024,14015,2160,2755
2908,2024,3360,460,820
2909,2024,3690,670,345
2911,2024,8205,1560,1170
2912,2024,6740,1110,1610
2913,2024,510,70,105
2914,2024,7820,1215,1795
2921,2024,2315,385,365
2922,2024,7125,1160,1985
2923,2024,6300,1240,1390
2924,2024,4270,645,1235
2925,2024,7035,1290,1705
2926,2024,2585,365,620
2931,2024,6765,1020,1555
2935,2024,5905,1150,1210
2941,2024,7840,1185,1825
2951,2024,10535,1975,2645
2952,2024,1295,260,115
2953,2024,5905,1125,840
2954,2024,2580,385,515
2957,2024,8640,1695,1590
2959,2024,2495,425,515
2961,2024,790,130,120
2964,2024,4455,875,845
2965,2024,1410,180,425
2967,2024,1815,300,290
2968,2024,150,20,15
2969,2024,2330,440,360
2971,2024,2940,580,595
2973,2024,1275,255,230
2974,2024,1375,265,205
2975,2024,995,160,195
2977,2024,955,180,190
2981,2024,3155,510,580
2982,2024,6675,1085,1790
2983,2024,9555,1600,1935
2984,2024,3725,540,885
2985,2024,4675,730,1155
2986,2024,8245,1295,2330
2987,2024,7875,1240,2165
2988,2024,2995,470,610
2989,2024,820,155,155
2991,2024,13425,2160,3225
2992,2024,14370,2365,2780
2993,2024,14060,2140,2760
2994,2024,6840,1480,715
2995,2024,3820,540,860
3011,2024,20440,1405,2010
3012,2024,6980,475,715
3013,2024,1095,75,120
3014,2024,7780,900,1305
3015,2024,3115,220,395
3016,2024,3150,190,395
3021,2024,11820,1355,1185
3022,2024,10095,1505,1050
3023,2024,9775,1400,1120
3024,2024,9765,1110,1030
3025,2024,7410,1155,880
3026,2024,7380,1105,925
3027,2024,9970,1870,1025
3028,2024,7670,910,890
3029,2024,5770,925,440
3031,2024,8540,950,1250
3032,2024,6485,725,820
3033,2024,4760,485,530
3034,2024,12080,2125,1615
3035,2024,6940,880,855
3036,2024,8015,1250,855
3037,2024,7845,1075,990
3038,2024,8130,630,560
3039,2024,10385,1015,1285
3041,2024,225,25,15
3042,2024,8255,1690,1545
3043,2024,7045,1080,1250
3044,2024,105,25,20
3045,2024,4835,1545,435
3046,2024,335,40,80
3047,2024,70,10,25
3051,2024,8080,1280,905
3052,2024,6455,1435,1010
3053,2024,10590,2065,1995
3054,2024,7790,1075,2235
3055,2024,8210,1730,1925
3056,2024,3380,620,445
3059,2024,13135,2820,1570
3061,2024,16045,1935,2230
3062,2024,8780,1085,1295
3063,2024,10565,690,1720
3064,2024,1655,255,255
3065,2024,8270,1210,1580
3066,2024,10920,1400,2885
3067,2024,21430,2790,4770
3068,2024,23010,3630,5530
3069,2024,19015,2775,5445
3071,2024,20615,3395,2830
3072,2024,17120,2530,2260
3073,2024,13925,2440,1505
3074,2024,12310,2300,1245
3075,2024,14105,2390,2730
3076,2024,15035,2780,2405
3077,2024,17975,3215,2560
3078,2024,12835,2055,3220
3079,2024,16830,3050,2740
3081,2024,12325,1920,975
3082,2024,12330,1835,1205
3083,2024,14310,1960,1345
3084,2024,2675,355,675
3085,2024,13850,2515,2360
3086,2024,12700,2620,1595
3087,2024,1800,270,400
3088,2024,20,-99997,-99997
3089,2024,1910,410,300
3111,2024,5350,590,750
3112,2024,11435,1740,1210
3113,2024,15,-99997,-99997
3114,2024,6325,935,1200
3115,2024,15,-99997,-99997
3116,2024,3505,515,780
3117,2024,9605,1480,1465
3118,2024,6475,1400,770
3119,2024,10280,1760,1730
3121,2024,3520,560,950
3122,2024,9595,1700,2115
3123,2024,7355,1105,1985
3124,2024,8080,1185,1315
3125,2024,295,35,60
3131,2024,15655,2285,2550
3132,2024,12815,2130,2065
3133,2024,2645,440,615
3134,2024,7565,1180,1130
3135,2024,12740,2390,2320
3136,2024,11600,1950,3490
3137,2024,13375,2090,3740
3138,2024,15,-99997,-99997
3141,2024,6185,1045,1100
3142,2024,5760,1070,1395
3143,2024,3005,440,535
3144,2024,7500,1150,2145
3145,2024,6830,1120,1720
3146,2024,4820,710,1230
3147,2024,1730,445,125
3151,2024,10565,1535,2700
3155,2024,6630,1085,1580
3161,2024,9385,1635,2180
3162,2024,7450,1455,905
3165,2024,-99997,-99997,-99997
3171,2024,5920,865,1360
3172,2024,1100,90,190
3176,2024,2575,385,400
3181,2024,12610,2075,2820
3191,2024,9950,1535,2095
3192,2024,13500,2235,3175
3193,2024,6415,1010,1145
3194,2024,6315,1090,845
3195,2024,4970,735,970
3196,2024,-99997,-99997,-99997
3197,2024,-99997,-99997,-99997
3198,2024,-99997,-99997,-99997
3199,2024,10,-99997,-99997
3201,2024,15855,2510,3550
3202,2024,7150,1105,1430
3203,2024,3735,535,1155
3204,2024,7025,1275,1475
3205,2024,8485,1565,1470
3206,2024,10085,1815,1670
3207,2024,15185,2145,3225
3208,2024,5930,860,1610
3209,2024,1885,330,370
3211,2024,1620,205,430
3212,2024,615,50,185
3214,2024,6305,1070,1385
3216,2024,1275,175,300
3218,2024,2485,340,575
3221,2024,5715,715,1630
3222,2024,4150,690,930
3223,2024,13565,1905,3610
3224,2024,8415,1255,2060
3225,2024,8055,1380,1220
3227,2024,1440,190,300
3231,2024,4200,510,1005
3232,2024,9915,1525,2400
3233,2024,7830,1065,2295
3234,2024,565,75,120
3235,2024,6605,805,1830
3237,2024,1875,290,375
3238,2024,1915,260,430
3241,2024,7815,1245,1705
3243,2024,1540,260,270
3244,2024,2395,395,525
3245,2024,7475,1140,1965
3247,2024,6030,1075,1175
3248,2024,2205,315,440
3249,2024,1305,185,330
3251,2024,3660,500,800
3252,2024,2285,310,550
3253,2024,6340,1025,1590
3255,2024,5290,770,1365
3256,2024,1100,125,245
3257,2024,2685,380,620
3258,2024,1740,255,365
3261,2024,10435,1650,2450
3262,2024,9815,1685,2290
3263,2024,4585,730,940
3264,2024,4480,895,860
3265,2024,1900,305,435
3267,2024,2035,305,465
3271,2024,4785,845,1175
3273,2024,2115,280,555
3274,2024,3615,565,760
3281,2024,9725,1370,2400
3284,2024,3640,490,945
3286,2024,4165,645,965
3291,2024,8150,1105,1930
3292,2024,485,55,100
3293,2024,475,70,100
3295,2024,9195,1415,2225
3297,2024,7420,1095,1870
3299,2024,3215,415,835
3311,2024,17980,1885,3625
3312,2024,11610,1865,1730
3313,2024,5860,815,1240
3314,2024,16045,2805,2250
3315,2024,18335,2690,3360
3316,2024,790,115,175
3317,2024,15115,2565,2875
3318,2024,5975,790,1905
3319,2024,10515,1555,2990
3328,2024,17605,3165,3870
3329,2024,2235,350,395
3331,2024,11370,1925,2175
3332,2024,10035,1400,3375
3333,2024,7100,1185,1225
3334,2024,6230,1020,1445
3335,2024,6245,1010,1290
3336,2024,65,-99997,5
3341,2024,9670,2120,1705
3342,2024,6315,1215,1125
3343,2024,6640,1130,1400
3344,2024,10065,2145,1485
3351,2024,9185,1440,2430
3352,2024,3365,580,725
3353,2024,5925,900,1580
3354,2024,2395,305,615
3355,2024,5730,870,1135
3356,2024,5580,890,945
3361,2024,6650,1165,1275
3362,2024,11245,1940,2525
3363,2024,7955,1505,1530
3364,2024,405,80,50
3366,2024,735,140,145
3371,2024,12920,2445,2520
3372,2024,4765,910,890
3373,2024,1075,225,130
3381,2024,4930,750,1130
3401,2024,12205,1725,2775
3402,2024,9490,1515,2145
3403,2024,1930,270,485
3404,2024,9795,1600,1235
3405,2024,3625,595,715
3411,2024,8280,1310,1635
3412,2024,1215,175,205
3413,2024,285,40,35
3415,2024,1320,250,215
3417,2024,9975,1580,2095
3421,2024,8370,1310,1940
3425,2024,755,105,185
3431,2024,8255,1175,1725
3432,2024,6585,1025,995
3433,2024,3655,530,875
3434,2024,8740,1485,2145
3435,2024,6035,900,1535
3436,2024,6460,1185,1175
3437,2024,13415,1965,3295
3438,2024,10225,1680,2330
3439,2024,2595,215,190
3441,2024,2855,295,545
3442,2024,4340,815,925
3443,2024,7450,1140,1875
3444,2024,290,40,85
3445,2024,5025,885,1285
3446,2024,8940,1675,1155
3447,2024,715,80,70
3448,2024,9070,1640,1495
3449,2024,645,75,120
3451,2024,13130,2930,2035
3452,2024,15045,3875,1055
3453,2024,9120,1710,885
3454,2024,13165,2615,2245
3455,2024,510,90,110
3461,2024,3890,640,860
3464,2024,380,65,85
3465,2024,2095,480,300
3466,2024,1665,315,375
3467,2024,720,120,130
3471,2024,3905,670,810
3474,2024,2435,445,475
3481,2024,8065,1210,1955
3511,2024,9580,460,1350
3512,2024,8955,380,935
3513,2024,6935,660,515
3514,2024,7585,950,740
3515,2024,6340,825,610
3521,2024,7620,805,470
3522,2024,9000,1330,1075
3523,2024,10615,1475,1120
3524,2024,11370,1415,1505
3525,2024,6410,1375,705
3526,2024,12410,1880,1135
3527,2024,13455,1715,1270
3528,2024,15,-99997,-99997
3531,2024,11430,1190,985
3532,2024,7055,905,490
3533,2024,9245,1855,1240
3534,2024,1830,315,105
3541,2024,11700,2955,440
3542,2024,150,20,35
3543,2024,11700,2380,890
3544,2024,23525,5135,1945
3545,2024,2375,730,50
3546,2024,215,25,45
3551,2024,7245,770,655
3552,2024,7780,1240,850
3553,2024,7085,720,520
3554,2024,7740,1340,890
3555,2024,8520,1430,1115
3561,2024,9160,1740,1120
3562,2024,8335,1100,1210
3563,2024,7790,1500,1255
3564,2024,9520,1845,1235
3565,2024,45,-99997,-99997
3566,2024,355,60,65
3571,2024,10320,1765,1525
3572,2024,11670,1330,1450
3573,2024,5055,980,790
3581,2024,9940,1045,1285
3582,2024,9525,870,930
3583,2024,6050,895,865
3584,2024,7400,425,485
3585,2024,185,35,35
3601,2024,7290,1060,2135
3602,2024,3450,560,790
3603,2024,2665,485,655
3604,2024,2520,500,415
3605,2024,5820,915,1195
3606,2024,865,35,15
3607,2024,13595,2530,2630
3608,2024,3355,575,820
3611,2024,615,100,120
3612,2024,1790,210,385
3615,2024,1185,220,235
3621,2024,10680,1555,2560
3625,2024,190,15,60
3626,2024,725,155,130
3628,2024,3465,585,790
3631,2024,490,55,90
3632,2024,4480,825,1055
3633,2024,1985,395,415
3634,2024,505,75,130
3641,2024,11720,1630,3070
3642,2024,3085,475,595
3643,2024,1470,215,320
3645,2024,9600,1375,2190
3646,2024,795,125,170
3648,2024,7550,1235,1460
3651,2024,145,10,20
3652,2024,620,75,115
3653,2024,40,5,-99997
3701,2024,6465,730,1765
3702,2024,3945,655,770
3703,2024,6145,1080,1450
3704,2024,10140,1930,1945
3705,2024,10125,1860,1620
3706,2024,5270,875,680
3707,2024,5990,985,1380
3708,2024,6800,1230,1815
3709,2024,325,20,125
3711,2024,1880,310,410
3712,2024,3305,550,855
3721,2024,8445,1675,1660
3722,2024,4635,695,1500
3723,2024,10145,1685,3030
3731,2024,6060,1085,1415
3732,2024,4820,820,950
3734,2024,4495,755,985
3735,2024,1750,180,610
3737,2024,1960,330,355
3738,2024,4905,805,1205
3739,2024,1570,190,350
3741,2024,9475,1635,2100
3742,2024,9410,1475,2235
3743,2024,4840,715,1595
3744,2024,1055,45,325
3749,2024,285,25,105
3751,2024,9090,1850,1215
3752,2024,12715,2235,2530
3754,2024,815,150,155
3755,2024,9755,1570,2160
3761,2024,4970,670,1685
3762,2024,8430,1305,2105
3763,2024,2335,380,380
3764,2024,5440,800,1125
3765,2024,5305,860,1040
3766,2024,7215,1120,1930
3768,2024,6215,1050,1560
3769,2024,7770,1290,1365
3771,2024,12005,2325,2415
3772,2024,20770,5150,2995
3773,2024,3455,655,620
3774,2024,5975,1640,745
3775,2024,295,25,75
3776,2024,1705,335,255
3781,2024,12150,2170,2600
3784,2024,1525,255,275
3785,2024,1590,320,295
3791,2024,2720,345,670
3792,2024,150,20,35
3794,2024,740,180,100
3811,2024,7465,460,1355
3812,2024,12720,2075,1870
3813,2024,15045,2215,3705
3814,2024,6005,980,950
3815,2024,11610,2010,2070
3816,2024,12060,1880,2365
3817,2024,12065,2070,2200
3818,2024,10775,1725,2245
3819,2024,645,115,210
3821,2024,660,25,20
3822,2024,7665,1125,1575
3823,2024,10950,1685,1805
3824,2024,14585,2480,1600
3825,2024,14430,3525,895
3826,2024,10075,2520,610
3828,2024,10100,1435,2425
3829,2024,4865,1075,540
3831,2024,13430,2090,3335
3832,2024,5390,1075,895
3833,2024,7695,1245,1865
3834,2024,2070,275,660
3835,2024,380,50,75
3836,2024,130,15,25
3841,2024,6120,610,1425
3842,2024,7060,1160,1545
3843,2024,6570,1105,1145
3844,2024,8980,1475,2070
3845,2024,10425,2230,1470
3846,2024,1790,355,240
3847,2024,1005,65,380
3848,2024,3990,710,805
3849,2024,3440,545,705
3851,2024,11990,1790,3210
3852,2024,5490,800,1485
3853,2024,10375,1590,2100
3861,2024,9990,1785,1730
3862,2024,13630,2320,3275
3863,2024,7680,1460,1050
3864,2024,4260,675,670
3871,2024,9800,1715,2165
3881,2024,11100,1585,3065
3882,2024,13870,2615,2365
3886,2024,2225,340,550
3888,2024,3400,685,510
3891,2024,4925,605,1330
3892,2024,5205,760,1010
3893,2024,6085,1055,730
3894,2024,5560,1290,535
3895,2024,-99997,-99997,-99997
3896,2024,390,50,95
3897,2024,1470,155,55
3898,2024,190,25,20
3899,2024,70,10,10
3901,2024,10475,1275,3015
3902,2024,10430,1985,2065
3903,2024,7400,1195,1200
3904,2024,13320,2355,2630
3905,2024,14225,2515,2475
3906,2024,6900,1145,1400
3907,2024,6690,1995,375
3911,2024,14955,2460,3510
3912,2024,580,95,115
3921,2024,4305,745,885
3922,2024,395,50,85
3925,2024,10345,1990,2070
3927,2024,5755,1205,940
3931,2024,14635,2855,2785
3941,2024,10680,1565,2885
3945,2024,3320,515,715
3947,2024,2530,475,520
3951,2024,4610,695,1255
3953,2024,1500,280,260
3956,2024,7795,1125,1990
3958,2024,5470,795,1495
3959,2024,1495,270,245
3961,2024,9460,1410,2380
3962,2024,8635,1385,2035
3971,2024,8050,1350,2215
3972,2024,10945,1910,2515
3981,2024,7365,1380,1735
3984,2024,6155,1025,1380
3985,2024,2605,470,515
3989,2024,15,5,5
3991,2024,17980,3310,3295
3992,2024,5915,875,1540
3993,2024,4975,775,1035
3994,2024,14475,2570,2270
3995,2024,3955,800,620
3997,2024,685,80,140
3998,2024,2110,295,460
3999,2024,750,80,170
4001,2024,10925,1330,2220
4002,2024,2330,340,705
4003,2024,7885,1130,2050
4004,2024,45,-99997,10
4005,2024,5935,960,965
4006,2024,3625,525,800
4007,2024,9475,1605,1220
4011,2024,1780,245,415
4012,2024,1410,190,335
4013,2024,740,130,130
4014,2024,1135,180,205
4016,2024,185,20,35
4017,2024,120,20,15
4021,2024,5115,810,1030
4023,2024,660,95,150
4024,2024,1600,195,400
4031,2024,2160,300,475
4032,2024,800,110,150
4033,2024,5940,1055,1220
4041,2024,7350,1680,1095
4043,2024,6340,1490,1055
4051,2024,5210,1065,1060
4053,2024,1165,220,205
4054,2024,1040,170,205
4061,2024,1665,210,380
4062,2024,175,15,35
4063,2024,420,45,100
4064,2024,1080,150,225
4101,2024,7685,1155,1770
4102,2024,7955,1305,1920
4103,2024,1450,225,255
4104,2024,70,10,10
4105,2024,10725,1845,1975
4106,2024,1540,410,105
4107,2024,515,55,100
4111,2024,650,95,130
4112,2024,3350,505,720
4115,2024,380,55,75
4116,2024,2640,385,645
4117,2024,515,75,115
4119,2024,505,75,105
4121,2024,1190,195,240
4122,2024,865,135,165
4124,2024,1540,210,345
4125,2024,3795,1150,195
4126,2024,1005,195,180
4128,2024,3005,510,640
4131,2024,4215,650,1120
4132,2024,5150,775,1215
4133,2024,7535,1390,1450
4141,2024,5565,715,1400
4142,2024,8030,1535,1340
4143,2024,6495,1055,1480
4145,2024,1650,300,315
4147,2024,3240,545,605
4151,2024,580,95,145
4152,2024,900,155,165
4153,2024,3375,430,765
4155,2024,340,55,60
4156,2024,900,105,245
4157,2024,570,80,120
4158,2024,2070,280,465
4161,2024,2375,310,575
4163,2024,240,45,30
4171,2024,2810,460,670
4174,2024,1050,210,175
4175,2024,2910,475,645
4176,2024,1080,235,110
4181,2024,2385,545,350
4182,2024,475,70,100
4184,2024,1185,200,185
4185,2024,570,75,120
4191,2024,11005,1760,2715
4194,2024,5660,1145,560
4196,2024,2105,335,445
4197,2024,1215,195,235
4201,2024,5870,525,1225
4202,2024,75,5,15
4203,2024,270,40,45
4204,2024,5260,580,1600
4205,2024,9775,1565,1890
4206,2024,3120,605,560
4207,2024,9850,1630,1645
4208,2024,3590,965,330
4209,2024,1350,235,270
4211,2024,775,115,170
4212,2024,135,15,30
4213,2024,855,115,205
4214,2024,2150,335,480
4221,2024,1440,230,300
4223,2024,1960,330,465
4225,2024,1810,305,335
4231,2024,3955,715,845
4233,2024,3160,525,755
4235,2024,805,155,140
4241,2024,3425,510,820
4243,2024,1040,225,170
4245,2024,1540,320,295
4247,2024,875,105,185
4251,2024,11575,2180,2215
4254,2024,6120,995,1400
4255,2024,3735,595,795
4261,2024,7000,1270,1290
4264,2024,3205,590,480
4265,2024,1715,285,350
4266,2024,895,135,155
4267,2024,430,60,95
4268,2024,770,135,130
4269,2024,465,70,100
4271,2024,2625,425,580
4273,2024,4280,570,1075
4281,2024,2745,470,550
4283,2024,1645,305,320
4284,2024,2005,315,410
4285,2024,4620,645,1130
4286,2024,3810,590,825
4287,2024,290,65,50
4288,2024,350,50,75
4301,2024,9530,1260,2645
4302,2024,1245,180,435
4303,2024,1260,315,280
4305,2024,585,60,180
4306,2024,2760,570,560
4307,2024,2375,460,490
4308,2024,325,35,75
4311,2024,3795,610,985
4315,2024,965,125,205
4316,2024,770,100,185
4317,2024,790,85,255
4318,2024,1290,135,415
4321,2024,1015,185,185
4322,2024,1310,150,385
4323,2024,345,40,80
4325,2024,1490,125,545
4326,2024,305,25,95
4327,2024,260,25,85
4328,2024,4215,350,1830
4331,2024,6555,485,1770
4332,2024,4015,485,1095
4333,2024,5235,805,1570
4334,2024,3100,455,965
4335,2024,7710,1235,1545
4336,2024,6990,1185,1710
4337,2024,9580,1815,1490
4338,2024,105,15,15
4339,2024,1380,255,295
4341,2024,5330,995,1070
4351,2024,1670,205,570
4352,2024,510,65,135
4353,2024,1865,295,485
4354,2024,1040,135,315
4356,2024,2440,330,860
4357,2024,1610,220,520
4361,2024,2610,365,705
4363,2024,1485,325,310
4364,2024,1390,210,390
4365,2024,1460,370,285
4371,2024,3475,520,1015
4373,2024,875,125,220
4374,2024,1635,195,545
4381,2024,7910,645,2225
4382,2024,8325,1130,2385
4383,2024,3205,450,560
4384,2024,5465,760,1555
4385,2024,5205,805,1155
4386,2024,3930,605,855
4387,2024,560,100,70
4388,2024,10235,1570,2470
4389,2024,550,75,145
4401,2024,7140,1295,1310
4411,2024,2990,455,600
4413,2024,4515,1000,765
4414,2024,1435,345,175
4415,2024,610,180,50
4416,2024,4895,1095,845
4417,2024,1740,245,420
4421,2024,9385,1660,2065
4423,2024,510,95,85
4424,2024,3090,445,785
4431,2024,4690,955,905
4433,2024,720,120,140
4434,2024,965,145,230
4435,2024,595,80,150
4436,2024,660,80,145
4437,2024,370,30,100
4438,2024,570,85,120
4441,2024,1220,165,305
4443,2024,630,85,165
4444,2024,510,65,110
4451,2024,5520,835,1450
4453,2024,2045,295,480
4454,2024,1490,325,230
4455,2024,1325,245,215
4456,2024,1810,275,420
4458,2024,1710,265,400
4461,2024,11495,1295,3195
4462,2024,7130,915,1960
4463,2024,7595,1295,1515
4464,2024,2580,560,520
4465,2024,920,100,350
4471,2024,2295,360,475
4472,2024,1150,175,270
4474,2024,550,65,145
4475,2024,815,105,190
4481,2024,3440,540,725
4482,2024,25,-99997,-99997
4484,2024,2090,250,635
4485,2024,480,50,135
4486,2024,1575,160,475
4491,2024,1250,165,375
4493,2024,2195,250,665
4494,2024,350,25,125
4501,2024,4635,585,1385
4503,2024,955,120,270
4504,2024,390,40,115
4505,2024,460,55,140
4506,2024,685,65,190
4507,2024,1455,195,350
4508,2024,530,70,140
4511,2024,4550,525,1540
4513,2024,715,75,210
4515,2024,2345,335,630
4521,2024,1580,225,360
4522,2024,190,20,55
4524,2024,2385,260,760
4525,2024,265,15,100
4527,2024,2315,300,690
4528,2024,315,45,80
4529,2024,960,155,230
4531,2024,2750,235,905
4532,2024,7050,775,2670
4533,2024,4440,885,570
4535,2024,4525,640,1105
4536,2024,3100,450,935
4537,2024,3895,575,750
4538,2024,290,30,85
4539,2024,185,25,45
4541,2024,2260,315,450
4542,2024,2840,400,695
4543,2024,2720,420,705
4551,2024,3925,500,940
4553,2024,2025,250,530
4554,2024,1925,235,515
4561,2024,9825,1175,3165
4562,2024,1070,160,150
4564,2024,3160,460,765
4565,2024,350,45,95
4566,2024,1165,175,240
4567,2024,2315,270,570
4568,2024,960,115,190
4569,2024,940,115,215
4571,2024,7840,1135,2050
4574,2024,910,120,215
4575,2024,255,45,60
4576,2024,2615,305,700
4581,2024,1805,245,415
4583,2024,460,55,105
4584,2024,250,35,50
4585,2024,670,65,170
4586,2024,555,75,130
4587,2024,3185,430,910
4588,2024,330,35,80
4589,2024,285,20,100
4611,2024,9775,940,2400
4612,2024,730,110,100
4613,2024,3725,600,755
4614,2024,7095,1045,1935
4615,2024,5645,800,1470
4616,2024,1755,395,285
4617,2024,7240,1045,1690
4621,2024,4740,835,720
4622,2024,470,65,95
4623,2024,4055,750,800
4624,2024,6595,1025,1530
4625,2024,3405,555,590
4631,2024,9370,1360,2335
4634,2024,1475,195,350
4635,2024,2045,225,615
4641,2024,5450,690,1350
4645,2024,3865,475,960
4651,2024,12535,1675,3130
4652,2024,745,140,145
4655,2024,725,120,165
4661,2024,12540,1885,3015
4664,2024,1915,240,510
4671,2024,5810,865,1340
4675,2024,2700,480,540
4681,2024,2265,280,540
4691,2024,8420,1525,1770
4693,2024,1780,345,305
4694,2024,1855,410,285
4695,2024,3570,570,800
4696,2024,1700,320,370
4697,2024,4090,710,855
4698,2024,2740,460,485
4701,2024,7010,620,1665
4702,2024,12950,2030,2300
4703,2024,7680,1055,1560
4704,2024,100,10,20
4705,2024,315,35,70
4706,2024,11105,1750,2710
4707,2024,16065,2470,4250
4708,2024,12005,1725,2450
4709,2024,1810,230,375
4711,2024,9690,1270,2200
4714,2024,5275,755,1180
4715,2024,5150,730,1385
4721,2024,1325,170,295
4722,2024,225,35,40
4724,2024,4850,690,1320
4725,2024,1205,140,315
4726,2024,1855,245,485
4727,2024,610,60,125
4731,2024,13130,1910,3320
4735,2024,2080,300,470
4741,2024,6815,960,1770
4744,2024,2605,420,570
4751,2024,7440,1025,1760
4754,2024,1195,160,240
4756,2024,2340,330,500
4758,2024,2260,330,460
4759,2024,1045,160,215
4761,2024,13405,1900,3465
4762,2024,1835,330,320
4765,2024,1620,215,340
4766,2024,20,-99997,-99997
4771,2024,640,70,115
4772,2024,250,35,50
4781,2024,560,70,115
4782,2024,520,55,115
4791,2024,5970,875,1275
4793,2024,5625,805,1320
4794,2024,970,130,175
4796,2024,280,30,50
4797,2024,3110,435,775
4811,2024,18555,1150,2655
4812,2024,10570,1490,1380
4813,2024,8690,1525,1965
4814,2024,11710,1580,1595
4815,2024,4340,705,535
4816,2024,4875,570,630
4817,2024,15975,2150,3045
4818,2024,8860,1350,1720
4819,2024,3675,620,835
4822,2024,7755,1255,1310
4823,2024,8600,1330,1530
4824,2024,8825,1515,1560
4825,2024,95,5,30
4826,2024,9185,1430,1730
4827,2024,7840,1365,1305
4834,2024,11980,1755,3480
4835,2024,6825,1125,1430
4836,2024,940,125,210
4837,2024,2290,285,865
4838,2024,1220,160,330
4839,2024,410,60,95
4841,2024,12335,1950,2875
4844,2024,6355,910,1605
4845,2024,2240,315,485
4847,2024,9140,1740,2000
4849,2024,3185,625,605
4851,2024,4955,835,1360
4854,2024,8430,1365,1905
4855,2024,1080,195,235
4856,2024,335,35,85
4858,2024,320,35,95
4859,2024,50,-99997,-99997
4861,2024,4255,580,1180
4871,2024,17210,3055,3140
4872,2024,8875,1280,1910
4873,2024,6245,805,1705
4874,2024,3150,420,845
4875,2024,1820,240,575
4876,2024,7720,1225,1765
4877,2024,35,5,5
4878,2024,5,-99997,-99997
4879,2024,175,25,30
4881,2024,8545,1225,2235
4882,2024,2375,365,425
4884,2024,3015,350,610
4885,2024,1790,240,400
4891,2024,6820,920,1720
4901,2024,10905,1300,3460
4902,2024,9585,1295,2245
4903,2024,435,35,145
4904,2024,11985,1815,2760
4905,2024,1410,265,190
4906,2024,4720,1015,675
4907,2024,10100,1665,2280
4908,2024,3050,445,750
4909,2024,1250,160,260
4911,2024,1300,190,255
4921,2024,12965,1885,3210
4924,2024,555,60,140
4926,2024,4260,540,955
4927,2024,1795,230,385
4931,2024,7230,1040,1705
4941,2024,8965,1260,2270
4942,2024,3625,635,560
4944,2024,2240,325,460
5011,2024,12045,1975,2805
5012,2024,4915,860,1045
5013,2024,740,70,90
5014,2024,12090,1315,1590
5015,2024,755,115,145
5017,2024,5985,670,1245
5018,2024,4010,680,705
5021,2024,12620,1385,2025
5022,2024,8520,1365,1655
5025,2024,13095,1420,1805
5026,2024,1700,510,45
5032,2024,6100,1000,1830
5035,2024,8005,1535,715
5036,2024,9120,1825,1055
5037,2024,11090,1360,2125
5038,2024,16520,790,3040
5041,2024,9890,965,1825
5042,2024,12820,1640,2155
5043,2024,9125,1280,1755
5044,2024,8330,1425,1710
5045,2024,18110,2680,2570
5046,2024,12260,1500,1605
5047,2024,140,15,35
5048,2024,50,-99997,10
5049,2024,7120,1405,930
5051,2024,14795,2130,4180
5052,2024,4570,895,795
5053,2024,1960,340,335
5056,2024,12400,2275,2630
5057,2024,2395,530,550
5059,2024,360,65,70
5061,2024,12630,1700,3455
5062,2024,6265,1015,1560
5063,2024,1570,260,175
5066,2024,6120,855,1615
5071,2024,8420,1300,1995
5074,2024,1480,175,285
5076,2024,6010,800,1575
5081,2024,8780,1260,2390
5084,2024,1035,175,165
5085,2024,1290,180,260
5087,2024,3940,560,910
5089,2024,915,130,190
5091,2024,6135,845,1495
5094,2024,1900,280,430
5095,2024,1965,350,445
5096,2024,865,155,195
5101,2024,3745,475,970
5102,2024,6840,1325,1305
5103,2024,6420,905,1360
5104,2024,6155,810,1705
5105,2024,415,50,90
5106,2024,1245,180,170
5107,2024,45,10,5
5109,2024,2230,280,550
5111,2024,5790,770,1675
5113,2024,1160,155,240
5114,2024,125,15,40
5121,2024,12310,1810,3115
5122,2024,4480,755,705
5124,2024,1220,140,315
5125,2024,450,65,55
5126,2024,8880,1355,1910
5131,2024,4415,675,1025
5133,2024,3000,515,665
5141,2024,6595,785,1690
5142,2024,9945,1320,2215
5143,2024,4425,580,1260
5144,2024,9300,1460,1885
5145,2024,355,15,10
5146,2024,4495,1010,620
5151,2024,12945,2010,3190
5152,2024,5335,735,1260
5154,2024,1850,285,370
5156,2024,2720,405,475
5157,2024,95,15,10
5158,2024,190,20,40
5161,2024,10015,1470,2115
5165,2024,5170,705,1270
5171,2024,14130,2055,3430
5172,2024,2845,435,435
5175,2024,6195,925,1735
5176,2024,680,90,150
5211,2024,13935,780,2575
5212,2024,7135,965,1170
5213,2024,8020,1080,1265
5215,2024,5430,680,1290
5216,2024,7210,915,1925
5221,2024,5775,830,1140
5222,2024,125,-99997,15
5223,2024,13760,1580,2365
5224,2024,9025,1305,1840
5231,2024,10590,1625,2045
5232,2024,2125,495,245
5233,2024,8100,1210,2020
5234,2024,85,15,5
5235,2024,6885,1000,1530
5236,2024,6620,1240,770
5237,2024,9145,1355,1820
5241,2024,6730,1010,1795
5242,2024,5005,870,1415
5243,2024,2765,445,665
5244,2024,3190,440,890
5245,2024,5675,1690,220
5246,2024,6050,865,1340
5247,2024,7950,1645,745
5248,2024,1535,290,315
5249,2024,340,40,40
5251,2024,13710,2205,2910
5252,2024,2075,340,430
5253,2024,2165,265,500
5254,2024,2590,370,395
5255,2024,780,125,145
5256,2024,1315,125,395
5257,2024,265,25,65
5258,2024,10455,1710,2420
5261,2024,7250,950,2135
5262,2024,13440,2270,2955
5263,2024,5705,1325,880
5264,2024,140,-99997,95
5266,2024,905,170,145
5268,2024,4915,715,1225
5271,2024,10950,1680,2640
5272,2024,1610,240,350
5275,2024,4890,910,1030
5281,2024,7290,785,1965
5282,2024,6990,955,1645
5283,2024,12700,2075,2770
5291,2024,1250,165,225
5292,2024,240,25,55
5293,2024,520,80,125
5294,2024,170,20,50
5296,2024,2210,285,510
5298,2024,4790,655,1100
5301,2024,10725,1510,2505
5302,2024,2835,535,355
5305,2024,1960,335,290
5306,2024,3210,590,570
5307,2024,1175,250,130
5308,2024,2205,380,405
5311,2024,2665,525,565
5313,2024,915,195,120
5314,2024,1750,280,345
5315,2024,685,100,125
5316,2024,430,90,100
5317,2024,1805,470,280
5318,2024,35,-99997,-99997
5321,2024,5270,830,1065
5324,2024,3650,490,895
5325,2024,1190,235,190
5327,2024,850,105,170
5328,2024,2810,415,635
5331,2024,8235,1280,1725
5333,2024,300,35,60
5334,2024,1905,230,275
5335,2024,630,80,135
5341,2024,7275,735,2000
5342,2024,6960,895,1375
5343,2024,5505,800,1125
5344,2024,8225,1185,1995
5345,2024,13475,1785,3020
5346,2024,7655,1205,1080
5347,2024,1280,325,140
5348,2024,9350,1255,1740
5349,2024,275,40,45
5351,2024,11055,2065,1915
5352,2024,740,130,125
5353,2024,215,20,65
5354,2024,175,30,50
5355,2024,80,15,25
5356,2024,190,20,35
5357,2024,450,60,95
5358,2024,340,60,90
5359,2024,45,5,10
5361,2024,8585,1195,2110
5363,2024,1380,180,300
5364,2024,1220,175,290
5366,2024,1755,280,415
5367,2024,745,105,220
5368,2024,740,100,160
5369,2024,-99997,-99997,-99997
5371,2024,3155,410,800
5373,2024,2930,360,740
5374,2024,7395,1110,1850
5375,2024,1785,300,370
5381,2024,745,115,115
5382,2024,1580,155,395
5383,2024,505,80,80
5384,2024,13985,2220,3110
5386,2024,5095,845,1050
5388,2024,6605,950,1515
5391,2024,3870,605,905
5392,2024,905,145,190
5394,2024,1270,210,265
5395,2024,190,30,35
5396,2024,850,125,210
5397,2024,3205,500,650
5398,2024,1395,185,290
5401,2024,8450,810,2655
5402,2024,8030,1165,1830
5403,2024,9010,1525,1820
5404,2024,3840,485,1060
5405,2024,755,90,240
5406,2024,7420,1515,815
5408,2024,3585,565,850
5409,2024,2070,325,420
5411,2024,6880,1035,1665
5421,2024,13495,2080,3350
5422,2024,3700,745,445
5423,2024,1870,270,425
5424,2024,1110,185,200
5425,2024,1710,285,310
5427,2024,9505,1465,1990
5428,2024,1790,285,300
5431,2024,11580,1445,3240
5432,2024,7155,1280,950
5433,2024,505,80,125
5434,2024,1265,180,270
5435,2024,490,55,130
5437,2024,1765,250,445
5438,2024,1220,160,315
5439,2024,280,30,65
5441,2024,2375,345,530
5443,2024,2895,395,665
5445,2024,725,85,155
5446,2024,2920,415,665
5447,2024,1685,235,405
5449,2024,80,20,10
5451,2024,6375,865,1590
5453,2024,2325,320,540
5454,2024,1400,140,315
5455,2024,1125,170,225
5461,2024,4930,510,1585
5462,2024,3585,645,570
5463,2024,8955,1510,1615
5464,2024,6225,1055,920
5465,2024,1850,290,410
5466,2024,1505,240,285
5467,2024,7405,1075,1730
5469,2024,7310,1220,1545
5471,2024,115,20,25
5472,2024,1215,210,265
5473,2024,8675,1150,2035
5476,2024,1870,325,395
5481,2024,9945,1310,2535
5482,2024,14090,2090,3175
5491,2024,11240,1790,2285
5492,2024,7260,945,2140
5501,2024,4245,490,1115
5502,2024,5080,665,1385
5503,2024,5980,840,1535
5504,2024,6555,925,1640
5505,2024,4885,835,830
5506,2024,2790,425,650
5507,2024,3335,525,755
5508,2024,10645,1805,1970
5509,2024,3315,525,705
5511,2024,1440,200,315
5512,2024,2210,285,575
5513,2024,2145,365,445
5521,2024,10860,1725,2730
5524,2024,1525,235,335
5525,2024,2015,265,465
5527,2024,5755,815,1325
5528,2024,2325,325,505
5529,2024,1140,195,235
5531,2024,10690,1460,2670
5534,2024,1075,190,165
5541,2024,8845,1445,2045
5551,2024,9595,1580,2055
5552,2024,6110,825,1525
5553,2024,1895,335,435
5554,2024,9555,1040,3085
5555,2024,3250,405,950
5556,2024,1305,175,285
5561,2024,2405,295,620
5563,2024,2125,295,485
5571,2024,11400,1575,2805
5575,2024,3265,465,710
5581,2024,7210,1275,1705
5582,2024,5230,795,1300
5583,2024,5550,885,1420
5591,2024,10245,1425,2845
5595,2024,4600,700,1110
5611,2024,14500,985,1390
5612,2024,13320,1120,1255
5613,2024,6635,845,1020
5614,2024,3815,430,700
5615,2024,7985,840,1265
5616,2024,13510,1305,2015
5617,2024,3125,80,65
5621,2024,5850,910,330
5622,2024,8620,1100,1285
5623,2024,10780,1150,2610
5624,2024,5650,665,1410
5625,2024,10160,1530,2000
5626,2024,4150,480,1025
5627,2024,12150,1925,2530
5628,2024,10460,1750,2200
5629,2024,10040,1690,1370
5631,2024,5930,775,1525
5632,2024,13335,2150,2730
5633,2024,145,20,30
5641,2024,7945,1035,1515
5642,2024,8565,1455,1170
5643,2024,8445,1445,1000
5644,2024,8950,1340,1695
5645,2024,3905,595,695
5646,2024,2460,405,540
5647,2024,40,-99997,15
5651,2024,4175,890,400
5652,2024,6925,1020,1070
5653,2024,6900,900,1355
5654,2024,10480,1255,1815
5655,2024,4250,640,1045
5656,2024,-99997,-99997,-99997
5657,2024,245,25,30
5658,2024,12970,2795,1380
5661,2024,1195,155,140
5662,2024,3175,515,570
5663,2024,6270,880,1530
5664,2024,5045,595,1470
5665,2024,5325,775,1405
5666,2024,3930,595,860
5667,2024,4535,740,800
5671,2024,5705,790,1935
5672,2024,6975,1045,2090
5673,2024,6150,965,1315
5674,2024,5400,915,1080
5681,2024,850,145,175
5682,2024,4275,665,830
5683,2024,6530,845,1925
5684,2024,12665,2090,2380
5685,2024,6900,965,1095
5688,2024,12555,1705,3200
5689,2024,590,150,40
5691,2024,10955,1510,2960
5692,2024,2180,625,70
5694,2024,4825,845,940
5701,2024,16235,2275,2970
5702,2024,12180,1845,2600
5703,2024,5620,900,1015
5704,2024,9005,1400,1365
5705,2024,2355,235,390
5706,2024,15290,2625,2465
5707,2024,10835,1620,2340
5708,2024,11300,1770,2310
5709,2024,13055,1965,1980
5711,2024,8650,1365,2095
5712,2024,9220,1430,1825
5715,2024,2315,335,495
5721,2024,13390,1905,3360
5722,2024,295,40,15
5724,2024,1035,155,205
5725,2024,2575,390,530
5731,2024,11255,1825,2755
5735,2024,5900,795,1585
5737,2024,4335,555,1105
5738,2024,2065,300,475
5741,2024,10920,1765,2440
5751,2024,13130,1725,3785
5752,2024,1885,355,410
5753,2024,4295,730,960
5754,2024,6235,980,1085
5756,2024,1495,250,265
5757,2024,3355,475,735
5758,2024,1870,285,380
5759,2024,915,130,200
5761,2024,6155,950,1415
5763,2024,2225,375,440
5764,2024,1170,165,225
5766,2024,525,75,125
5768,2024,6440,855,1605
5801,2024,10440,1080,3515
5802,2024,7335,1145,1555
5803,2024,8020,1135,1360
5804,2024,3550,690,560
5807,2024,2515,310,585
5808,2024,1230,130,265
5809,2024,2215,370,480
5811,2024,860,105,195
5812,2024,515,55,135
5813,2024,2375,320,515
5814,2024,550,75,90
5815,2024,1095,155,235
5816,2024,250,45,40
5817,2024,210,25,55
5821,2024,2600,380,620
5823,2024,930,120,215
5824,2024,560,100,95
5825,2024,4305,535,1050
5826,2024,515,105,85
5827,2024,795,115,140
5831,2024,12500,1540,3580
5835,2024,1955,295,435
5836,2024,1840,230,440
5841,2024,1890,275,380
5843,2024,715,135,120
5844,2024,790,100,135
5845,2024,4235,540,1200
5846,2024,740,130,155
5851,2024,2110,225,560
5853,2024,2120,275,460
5854,2024,5295,670,1510
5855,2024,2415,315,635
5856,2024,1210,155,275
5861,2024,1880,270,475
5862,2024,410,40,130
5863,2024,1215,185,275
5864,2024,1915,260,470
5865,2024,1355,215,255
5866,2024,1280,170,280
5871,2024,1115,125,270
5872,2024,815,105,200
5911,2024,5245,435,945
5912,2024,10410,1490,1925
5913,2024,9890,1295,2545
5914,2024,7785,1015,1800
5915,2024,6005,895,1255
5916,2024,2490,340,665
5921,2024,6755,870,1850
5922,2024,6000,1095,815
5923,2024,3060,360,995
5924,2024,3705,520,755
5925,2024,3845,620,605
5926,2024,2890,415,810
5927,2024,890,160,240
5928,2024,845,105,145
5931,2024,9720,1230,2665
5932,2024,5455,775,1140
5935,2024,3655,430,925
5941,2024,5535,885,1365
5943,2024,1055,130,245
5944,2024,2985,335,885
5951,2024,5575,860,1375
5953,2024,10985,1510,2805
5954,2024,2410,290,655
5961,2024,13370,1760,3380
5962,2024,2195,320,425
5963,2024,2045,305,430
5964,2024,1685,260,300
5966,2024,2320,310,460
5971,2024,4885,655,1310
5973,2024,1995,285,490
5975,2024,7045,915,1685
5976,2024,1125,145,260
5977,2024,240,25,35
5981,2024,7820,985,2380
5984,2024,1245,140,275
5985,2024,1690,235,370
5986,2024,2190,330,450
5987,2024,1530,265,255
5988,2024,6460,935,1405
5991,2024,6440,935,1630
5993,2024,7545,960,1680
5995,2024,4170,560,980
6001,2024,8095,615,2850
6002,2024,6460,935,1275
6003,2024,5795,950,1085
6004,2024,9440,1470,2150
6005,2024,4410,605,910
6006,2024,11725,1705,2715
6011,2024,1455,185,320
6012,2024,490,65,105
6013,2024,975,115,220
6014,2024,1650,190,425
6015,2024,1255,145,340
6017,2024,2480,290,780
6019,2024,2000,220,595
6021,2024,9515,1325,2405
6023,2024,2130,275,565
6024,2024,1430,165,385
6026,2024,5185,735,1365
6027,2024,1850,265,470
6028,2024,730,100,185
6029,2024,1960,235,425
6031,2024,10600,1410,2900
6034,2024,1555,235,360
6035,2024,4190,580,910
6037,2024,1200,155,275
6039,2024,5145,620,1500
6041,2024,12625,1170,3550
6042,2024,9855,1360,2205
6043,2024,11390,1715,2415
6044,2024,3505,585,480
6045,2024,6150,915,1185
6049,2024,8355,1605,1555
6051,2024,7025,875,2075
6061,2024,4030,500,1105
6063,2024,2370,265,710
6065,2024,3100,390,895
6067,2024,3860,465,1060
6071,2024,8860,1250,2225
6074,2024,3710,560,1010
6075,2024,4250,535,1275
6077,2024,3350,390,1080
6081,2024,4380,545,1220
6082,2024,930,135,200
6083,2024,680,90,205
6085,2024,3760,460,1050
6086,2024,3330,395,850
6088,2024,4275,605,1030
6089,2024,735,85,190
6091,2024,825,125,165
6092,2024,325,45,60
6093,2024,6585,740,2100
6095,2024,2645,355,645
6096,2024,1665,220,425
6097,2024,4570,505,1315
6099,2024,1885,215,560
6101,2024,9755,1180,2775
6102,2024,5240,685,1400
6104,2024,1665,225,405
6105,2024,1350,165,400
6107,2024,1745,215,430
6109,2024,840,105,245
6111,2024,575,70,150
6112,2024,835,110,245
6114,2024,7810,910,2175
6116,2024,1495,165,425
6118,2024,3315,460,885
6121,2024,5925,825,1440
6122,2024,1980,265,520
6123,2024,1120,130,355
6124,2024,750,100,180
6125,2024,1735,205,500
6127,2024,2265,265,675
6129,2024,5695,730,1530
6131,2024,5150,305,1730
6132,2024,5265,645,1240
6133,2024,3740,460,890
6134,2024,2400,325,670
6135,2024,6160,805,1295
6136,2024,6820,850,1590
6137,2024,8140,1075,1775
6141,2024,2540,360,745
6142,2024,1300,190,345
6143,2024,1220,160,325
6151,2024,4545,595,1405
6153,2024,100,10,25
6155,2024,2020,275,525
6161,2024,4275,475,1065
6162,2024,4580,560,1165
6163,2024,7715,1055,1620
6164,2024,4975,560,1455
6165,2024,4755,680,1035
6166,2024,5160,565,1615
6167,2024,20,5,5
6171,2024,10715,1200,3345
6174,2024,755,110,185
6176,2024,3355,415,975
6181,2024,8335,1025,2330
6191,2024,12415,1550,3480
6199,2024,450,95,25
6211,2024,13745,485,2220
6212,2024,4500,615,1205
6213,2024,4560,540,1535
6214,2024,5000,535,985
6215,2024,8160,975,2175
6216,2024,7220,705,1630
6217,2024,9350,1205,1815
6218,2024,7315,885,2275
6219,2024,1645,165,410
6221,2024,10520,675,2090
6222,2024,5770,705,920
6223,2024,2630,270,765
6224,2024,9190,875,1625
6225,2024,6695,890,1785
6226,2024,7415,950,1475
6227,2024,7575,885,1955
6228,2024,6550,815,1330
6229,2024,7420,610,1435
6231,2024,7515,985,2110
6235,2024,2785,335,790
6237,2024,325,30,75
6241,2024,5450,705,1445
6243,2024,2500,260,830
6245,2024,9675,1620,2415
6247,2024,2905,390,850
6251,2024,400,40,95
6252,2024,145,15,35
6255,2024,1180,165,315
6261,2024,845,90,280
6262,2024,1000,135,265
6265,2024,1410,220,340
6267,2024,3585,455,1035
6268,2024,570,70,165
6269,2024,3985,585,1225
6271,2024,3905,405,1380
6273,2024,220,30,55
6274,2024,520,60,180
6276,2024,150,15,40
6277,2024,385,40,135
6278,2024,70,-99997,30
6281,2024,1720,185,510
6285,2024,1020,115,345
6286,2024,1935,230,535
6287,2024,1640,195,505
6289,2024,75,5,30
6291,2024,7830,790,2335
6294,2024,1410,195,420
6295,2024,880,120,235
6301,2024,10565,1085,3455
6305,2024,1415,160,425
6307,2024,325,40,95
6311,2024,815,125,230
6312,2024,160,20,45
6321,2024,2405,335,655
6325,2024,4305,555,1235
6333,2024,3170,415,875
6336,2024,3880,510,1095
6341,2024,50,5,15
6342,2024,100,5,40
6343,2024,3270,470,970
6351,2024,4985,615,1335
6353,2024,40,10,15
6361,2024,6445,795,1850
6363,2024,1610,195,535
6365,2024,2705,315,835
6367,2024,8130,1140,2370
6369,2024,5225,645,1640
6371,2024,6290,755,1745
6372,2024,10160,1350,2860
6373,2024,8780,1055,2450
6374,2024,11885,1540,3135
6411,2024,8060,645,2235
6412,2024,8970,1180,1690
6413,2024,11180,1510,2670
6414,2024,7545,1115,1340
6415,2024,6445,980,1275
6416,2024,6075,995,1545
6417,2024,6690,805,1620
6418,2024,9445,1285,2710
6419,2024,4175,415,1545
6421,2024,10,-99997,-99997
6422,2024,70,10,15
6431,2024,9850,1180,2520
6432,2024,3955,465,1005
6433,2024,4985,740,1110
6436,2024,2655,385,715
6438,2024,3715,550,1015
6439,2024,1095,140,320
6441,2024,7440,770,2520
6442,2024,2645,425,595
6443,2024,3700,390,1130
6444,2024,6260,755,1585
6445,2024,2755,345,535
6446,2024,4965,775,1125
6447,2024,1595,225,385
6451,2024,4675,620,1215
6454,2024,720,90,180
6456,2024,855,125,220
6461,2024,8110,820,2800
6462,2024,7105,920,1690
6463,2024,4630,540,1260
6464,2024,4285,600,1000
6465,2024,2010,290,515
6466,2024,7745,965,2015
6467,2024,4850,685,1300
6468,2024,265,35,60
6469,2024,590,75,130
6471,2024,5730,710,1490
6511,2024,11180,270,1170
6512,2024,5790,285,565
6515,2024,10300,2805,465
6521,2024,6855,550,975
6522,2024,5025,385,1560
6523,2024,8060,875,2010
6524,2024,7790,595,1265
6525,2024,10200,845,1940
6531,2024,10465,1545,1715
6532,2024,6065,765,1035
6533,2024,11350,1495,2135
6534,2024,3880,270,545
6535,2024,7275,915,1570
6536,2024,3510,535,1070
6537,2024,9730,1575,1875
6538,2024,9340,1240,2120
6541,2024,10510,1250,1560
6542,2024,7455,1000,1155
6543,2024,7740,925,1285
6544,2024,5510,755,1050
6545,2024,5375,750,1090
6546,2024,9110,1455,1420
6551,2024,2560,415,545
6561,2024,6570,840,1815
6562,2024,10590,1385,2600
6564,2024,850,140,230
6566,2024,5835,735,1460
6571,2024,2000,280,570
6572,2024,495,25,230
6573,2024,3620,470,1080
6574,2024,490,65,115
6575,2024,90,-99997,25
6576,2024,2555,375,680
6577,2024,170,25,35
6578,2024,1735,240,400
6579,2024,480,50,145
6581,2024,11355,1585,3050
6582,2024,1950,350,320
6584,2024,3730,480,1050
6585,2024,3205,350,940
6586,2024,345,30,110
6587,2024,870,95,235
6591,2024,9255,1270,2545
6595,2024,2390,335,520
6596,2024,2880,360,775
6598,2024,2485,305,570
6599,2024,785,85,210
6601,2024,10570,1505,2840
6602,2024,6580,820,2175
6603,2024,5120,895,980
6604,2024,3945,535,670
6605,2024,10615,1630,1865
6606,2024,430,65,105
6611,2024,2710,375,795
6612,2024,820,120,175
6613,2024,740,105,155
6615,2024,130,10,35
6616,2024,965,130,205
6617,2024,1775,200,450
6621,2024,3550,505,855
6624,2024,1350,185,255
6626,2024,1720,230,340
6627,2024,1420,170,300
6628,2024,645,90,115
6629,2024,840,95,190
6631,2024,1630,245,330
6634,2024,670,90,155
6641,2024,12895,1785,3135
6642,2024,4520,730,795
6644,2024,4515,860,840
6645,2024,2230,290,560
6651,2024,10750,1490,2490
6652,2024,2305,415,310
6653,2024,1895,290,430
6654,2024,1695,240,365
6655,2024,1310,185,295
6657,2024,2240,345,470
6658,2024,7325,1115,1850
6659,2024,2590,430,505
6661,2024,12545,2330,2610
6662,2024,9935,1590,2165
6663,2024,14525,3535,1580
6665,2024,4380,815,825
6666,2024,5050,730,1095
6668,2024,1460,275,260
6669,2024,4600,810,905
6671,2024,5220,805,1220
6672,2024,175,25,55
6673,2024,1700,245,370
6674,2024,3190,520,670
6675,2024,2020,315,380
6676,2024,65,-99997,20
6677,2024,485,70,100
6678,2024,2685,390,600
6681,2024,12260,1785,2995
6684,2024,130,30,20
6685,2024,2070,295,360
6686,2024,2775,360,685
6687,2024,2915,435,645
6691,2024,7385,1050,1865
6701,2024,4165,205,655
6702,2024,2835,200,540
6703,2024,2870,235,805
6704,2024,1020,115,370
6705,2024,1470,170,430
6706,2024,5630,645,820
6707,2024,5180,635,1215
6708,2024,13770,1635,2075
6709,2024,5640,1055,150
6711,2024,12835,1575,3395
6712,2024,5135,800,1205
6713,2024,10500,1505,2255
6714,2024,7760,1485,1020
6715,2024,6805,1170,1765
6716,2024,8075,1310,1520
6717,2024,19880,3795,2575
6718,2024,10030,2335,910
6721,2024,15215,2215,4200
6731,2024,2150,320,475
6732,2024,4010,825,545
6733,2024,2895,650,455
6741,2024,13830,2780,2740
6744,2024,3785,915,580
6745,2024,505,90,70
6811,2024,7015,235,775
6812,2024,2840,285,785
6813,2024,4345,760,805
6814,2024,6345,755,1265
6815,2024,3330,535,950
6816,2024,2355,265,505
6821,2024,5825,670,600
6822,2024,7155,1045,885
6823,2024,6810,970,1460
6824,2024,10695,1355,2260
6825,2024,5935,815,1190
6826,2024,10485,1625,1370
6827,2024,1230,140,115
6828,2024,12520,1085,1080
6831,2024,3625,360,720
6832,2024,5745,1000,1065
6833,2024,6540,1125,840
6834,2024,3370,675,560
6835,2024,5595,720,1270
6836,2024,11665,1825,1815
6841,2024,4650,860,545
6842,2024,2910,495,700
6843,2024,10640,1515,2815
6844,2024,4040,615,675
6845,2024,6240,1005,1085
6846,2024,15705,3980,1000
6851,2024,9485,1305,2510
6852,2024,10285,1915,2230
6861,2024,5555,755,1940
6862,2024,5680,820,1595
6865,2024,4935,535,1640
6866,2024,3550,415,1140
6869,2024,700,85,210
6871,2024,9120,1250,2160
6874,2024,1875,190,555
6877,2024,75,5,5
6881,2024,7670,1015,2225
6882,2024,6515,905,1565
6883,2024,4185,505,1200
6891,2024,1830,320,430
6901,2024,6705,755,2090
6902,2024,1155,165,300
6903,2024,6830,975,2050
6904,2024,7140,1025,1665
6905,2024,4845,1060,660
6909,2024,1945,265,460
6911,2024,2440,330,610
6913,2024,825,90,215
6914,2024,1100,150,290
6915,2024,3040,425,725
6916,2024,2840,385,740
6917,2024,795,105,155
6921,2024,14205,2010,3165
6922,2024,7460,1015,1605
6923,2024,2025,285,450
6924,2024,1185,180,240
6931,2024,7850,1230,1885
6932,2024,7300,1070,1600
6941,2024,4755,665,1255
6942,2024,12690,1770,3135
6951,2024,7185,1020,1735
6952,2024,4245,535,1400
6953,2024,2050,215,665
6955,2024,1035,125,335
6956,2024,935,135,225
6957,2024,910,80,285
6961,2024,10215,1400,2655
6964,2024,825,75,210
6971,2024,8540,1065,2485
6974,2024,720,115,185
6975,2024,325,35,90
6981,2024,4445,400,1570
6982,2024,2375,300,610
6983,2024,4055,580,960
6984,2024,205,20,65
6986,2024,1370,190,340
6987,2024,2690,325,675
6988,2024,1315,85,400
6991,2024,7855,1220,1840
6994,2024,1075,125,305
6996,2024,1645,195,415
6997,2024,475,40,195
6998,2024,565,55,205
6999,2024,1600,185,485
7001,2024,4720,400,1425
7002,2024,6550,900,1545
7003,2024,2910,440,765
7004,2024,4810,855,925
7005,2024,935,80,210
7006,2024,9910,1490,2140
7007,2024,8995,1670,1270
7008,2024,880,110,285
7009,2024,7100,1140,1670
7011,2024,5725,775,1440
7021,2024,8775,1155,2350
7025,2024,2215,285,505
7031,2024,7095,875,1670
7035,2024,1520,175,330
7036,2024,450,40,85
7037,2024,2370,280,545
7038,2024,2740,305,805
7039,2024,1180,145,280
7041,2024,8550,1190,2155
7044,2024,475,65,100
7045,2024,795,90,195
7046,2024,105,25,15
7047,2024,1085,140,245
7048,2024,165,35,40
7051,2024,5800,735,1755
7054,2024,1205,185,255
7055,2024,1050,155,215
7061,2024,4495,565,1230
7064,2024,5565,695,1425
7065,2024,970,110,235
7071,2024,10570,1430,2670
7075,2024,1790,230,405
7076,2024,850,150,170
7077,2024,485,80,105
7078,2024,1010,130,250
7081,2024,4375,530,1170
7083,2024,275,45,55
7084,2024,960,115,240
7091,2024,7210,1010,1915
7095,2024,1105,170,255
7101,2024,12415,1540,3435
7102,2024,3715,550,750
7103,2024,7805,1250,1830
7104,2024,1500,210,380
7105,2024,420,60,90
7106,2024,340,35,95
7107,2024,685,80,205
7108,2024,890,130,250
7109,2024,625,85,140
7113,2024,285,45,65
7115,2024,300,40,55
7119,2024,255,30,60
7121,2024,8010,1155,1980
7122,2024,8065,1275,1920
7123,2024,1390,195,220
7126,2024,1525,225,350
7131,2024,9980,1400,2810
7132,2024,3095,560,585
7134,2024,1165,185,220
7135,2024,1340,210,265
7136,2024,1995,255,475
7137,2024,1390,215,305
7141,2024,9570,1250,2380
7142,2024,505,85,105
7151,2024,7800,1145,2065
7152,2024,3330,425,885
7156,2024,2840,395,660
7157,2024,1305,155,330
7161,2024,9285,1175,2450
7165,2024,1030,130,235
7201,2024,5690,370,1950
7202,2024,1765,155,665
7203,2024,4785,795,1090
7204,2024,9865,1430,2100
7205,2024,2315,295,470
7206,2024,6495,955,1715
7207,2024,9400,1500,1505
7211,2024,4555,555,1290
7213,2024,3980,490,1435
7214,2024,2080,340,520
7215,2024,405,50,125
7216,2024,290,35,75
7217,2024,1800,225,500
7218,2024,1240,135,410
7221,2024,2210,265,635
7223,2024,1050,115,260
7224,2024,75,10,25
7225,2024,250,35,70
7226,2024,130,10,40
7227,2024,900,160,200
7231,2024,5295,715,1625
7232,2024,3135,405,935
7233,2024,360,55,85
7234,2024,630,90,185
7241,2024,8240,915,2755
7242,2024,5625,940,1445
7244,2024,1765,205,540
7245,2024,4305,610,1135
7251,2024,7175,825,2325
7255,2024,6630,805,1880
7256,2024,1440,180,365
7261,2024,7760,935,2360
7263,2024,930,145,180
7271,2024,7885,1075,2070
7273,2024,710,80,180
7274,2024,1335,190,345
7275,2024,655,90,170
7311,2024,11045,810,2695
7312,2024,10830,1665,2425
7313,2024,2310,345,675
7314,2024,7140,895,2170
7315,2024,4930,540,1620
7316,2024,6295,910,1640
7317,2024,670,130,85
7321,2024,6240,735,1565
7322,2024,9740,1590,2055
7323,2024,13850,2980,2180
7324,2024,2645,810,40
7325,2024,13175,2070,2180
7326,2024,9660,1590,2415
7327,2024,5650,995,1255
7328,2024,7230,1185,1310
7329,2024,2750,295,845
7331,2024,11265,1560,2140
7332,2024,750,170,40
7333,2024,6540,985,1325
7334,2024,2660,440,505
7335,2024,6455,1000,1285
7336,2024,345,35,35
7339,2024,6320,865,2065
7341,2024,1065,185,195
7345,2024,2200,275,525
7346,2024,255,20,105
7348,2024,100,5,25
7351,2024,1330,130,395
7352,2024,55,5,15
7361,2024,4960,485,1430
7364,2024,1335,210,295
7371,2024,3310,380,875
7381,2024,1760,245,365
7382,2024,1555,250,350
7383,2024,2745,415,635
7384,2024,3045,440,655
7391,2024,12260,1700,3795
7392,2024,1210,340,115
7395,2024,970,185,185
7396,2024,2540,450,545
7397,2024,765,150,160
7399,2024,655,100,125
7411,2024,8895,640,1875
7412,2024,11760,1645,2075
7413,2024,7210,995,930
7414,2024,5355,780,1435
7415,2024,12445,2225,2460
7416,2024,3460,560,445
7417,2024,5120,830,475
7418,2024,895,105,125
7419,2024,2290,430,405
7421,2024,5180,775,1090
7422,2024,2335,305,625
7423,2024,5930,835,1205
7424,2024,4745,1010,360
7425,2024,7730,1400,1085
7426,2024,30,10,-99997
7427,2024,75,-99997,30
7428,2024,160,30,35
7429,2024,1105,85,575
7431,2024,4915,710,1460
7433,2024,6070,1195,1220
7434,2024,1475,210,325
7435,2024,450,70,90
7437,2024,5765,835,1575
7439,2024,290,40,85
7441,2024,5200,810,1420
7442,2024,10615,1460,2980
7443,2024,9160,1520,1585
7447,2024,6540,970,1695
7448,2024,2090,290,490
7451,2024,9590,1400,2445
7461,2024,10015,1880,2290
7462,2024,13855,2725,2545
7463,2024,5220,1330,325
7466,2024,325,40,60
7467,2024,435,80,65
7468,2024,7450,1260,1640
7471,2024,12200,1570,3050
7472,2024,35,-99997,10
7475,2024,7320,1010,1930
7478,2024,2665,340,790
7481,2024,10950,1390,3350
7482,2024,10480,1600,2590
7483,2024,2920,485,345
7491,2024,7365,1015,2270
7495,2024,1935,280,430
7496,2024,2300,345,475
7497,2024,1630,295,330
7511,2024,10365,590,2005
7512,2024,7230,855,1265
7513,2024,5380,640,765
7514,2024,6535,1040,740
7521,2024,9145,1075,1435
7522,2024,7925,665,940
7523,2024,12225,1605,2305
7524,2024,3810,640,775
7525,2024,370,50,90
7531,2024,8410,1225,1975
7532,2024,5345,825,1145
7533,2024,4840,645,775
7534,2024,12435,2120,1895
7535,2024,3740,600,795
7536,2024,55,-99997,10
7541,2024,3175,490,605
7542,2024,10315,1790,2115
7543,2024,6375,885,1205
7544,2024,15960,2445,3730
7545,2024,14910,2050,2330
7546,2024,8605,1385,1740
7547,2024,585,70,105
7548,2024,4005,635,1035
7551,2024,4360,260,1240
7552,2024,11690,1585,2760
7553,2024,9860,1175,1860
7554,2024,1500,195,310
7555,2024,9510,1190,2505
7556,2024,12445,1830,2310
7557,2024,10845,1585,1890
7558,2024,12030,1910,2835
7559,2024,10820,1795,1615
7561,2024,2000,335,430
7562,2024,230,40,35
7571,2024,2810,170,1165
7572,2024,5065,725,1105
7573,2024,3715,455,1365
7574,2024,3490,500,735
7575,2024,680,105,140
7576,2024,5940,915,1500
7577,2024,9860,1700,1875
7581,2024,8570,1285,2220
7582,2024,5200,745,1405
7585,2024,510,65,105
7586,2024,4130,625,970
7587,2024,3945,560,1005
7588,2024,1020,130,215
7591,2024,10250,1510,2415
7595,2024,3120,435,780
7596,2024,2345,350,495
7597,2024,1705,275,350
7601,2024,6930,970,1195
7602,2024,6565,1065,1375
7603,2024,6500,1000,1280
7604,2024,6500,965,1540
7605,2024,2965,465,465
7606,2024,6805,1000,1005
7607,2024,9570,1005,2505
7608,2024,11145,1755,2860
7609,2024,13695,2185,2365
7610,2024,45,15,10
7611,2024,1530,235,310
7614,2024,250,35,65
7615,2024,1615,255,295
7621,2024,5945,915,1375
7622,2024,7810,980,2520
7623,2024,8845,2045,1260
7625,2024,1460,195,350
7626,2024,575,115,120
7627,2024,2065,370,460
7631,2024,4490,555,1345
7634,2024,755,105,170
7635,2024,960,130,210
7636,2024,620,95,160
7637,2024,325,50,75
7638,2024,170,25,25
7641,2024,8215,1245,1940
7642,2024,7405,1335,1780
7645,2024,1105,175,205
7651,2024,5860,895,1460
7661,2024,990,165,240
7662,2024,215,30,55
7663,2024,385,75,65
7664,2024,620,95,135
7665,2024,3555,520,700
7666,2024,905,130,170
7667,2024,1270,195,270
7668,2024,155,20,35
7671,2024,11450,1920,2510
7672,2024,2510,475,300
7675,2024,150,15,30
7676,2024,4425,720,860
7678,2024,4285,650,890
7679,2024,1290,195,260
7681,2024,8905,1520,1895
7683,2024,6000,985,1365
7685,2024,1055,195,180
7686,2024,575,90,100
7687,2024,1220,200,210
7688,2024,1440,275,265
7691,2024,3570,675,615
7692,2024,955,205,160
7693,2024,1455,240,255
7694,2024,1565,260,275
7695,2024,1100,185,225
7696,2024,320,55,55
7701,2024,12075,1960,2625
7702,2024,990,190,145
7705,2024,370,60,75
7707,2024,4005,600,865
7711,2024,9560,1550,2090
7715,2024,980,210,160
7721,2024,7210,1190,2030
7722,2024,8120,1340,1550
7731,2024,12250,1820,3340
7732,2024,1045,330,35
7734,2024,380,45,110
7735,2024,375,75,80
7736,2024,170,10,55
7737,2024,560,60,120
7738,2024,665,120,120
7739,2024,425,45,80
7741,2024,9210,1200,2255
7742,2024,6685,1115,1590
7751,2024,3810,505,1155
7753,2024,655,95,105
7754,2024,365,55,75
7755,2024,360,55,60
7756,2024,235,25,40
7761,2024,4435,650,1160
7764,2024,470,65,110
7765,2024,1655,200,415
7766,2024,1305,165,305
7771,2024,4850,850,1100
7772,2024,11195,1545,2730
7773,2024,4500,1105,540
7775,2024,2060,340,370
7776,2024,3240,545,680
7777,2024,980,150,160
7778,2024,210,35,45
7779,2024,115,15,15
7781,2024,255,50,30
7782,2024,1950,340,410
7783,2024,3330,510,730
7784,2024,555,95,95
7785,2024,45,-99997,5
7786,2024,190,25,30
7787,2024,175,25,35
7788,2024,155,10,30
7791,2024,585,90,110
7792,2024,100,10,15
7793,2024,455,75,75
7794,2024,260,45,45
7795,2024,145,30,35
7796,2024,645,90,65
7797,2024,575,90,110
7798,2024,390,80,55
7811,2024,5340,220,2440
7812,2024,9880,1435,2305
7813,2024,2010,470,145
7814,2024,1860,400,375
7815,2024,6010,850,1485
7821,2024,15,-99997,-99997
7822,2024,3165,410,935
7823,2024,8235,1085,2240
7824,2024,7670,1060,1915
7825,2024,415,40,130
7826,2024,2980,445,730
7827,2024,9070,1360,1910
7828,2024,2125,280,475
7831,2024,3365,475,665
7833,2024,4715,650,1105
7841,2024,2265,305,730
7842,2024,65,5,20
7843,2024,835,85,230
7844,2024,2160,305,520
7845,2024,285,55,35
7846,2024,620,105,140
7847,2024,235,20,90
7848,2024,2180,300,650
7849,2024,375,30,100
7851,2024,365,30,100
7852,2024,215,30,55
7853,2024,165,10,45
7854,2024,1910,220,535
7855,2024,400,45,115
7856,2024,170,20,45
7858,2024,120,15,25
7859,2024,40,5,10
7861,2024,1890,240,650
7863,2024,670,75,215
7864,2024,405,50,90
7871,2024,740,85,205
7872,2024,1210,140,350
7873,2024,1960,260,655
7874,2024,400,45,95
7875,2024,1730,180,580
7876,2024,3425,490,780
7877,2024,100,5,35
7881,2024,7730,1025,1680
7884,2024,1770,240,405
7885,2024,2075,270,385
7887,2024,4750,745,1035
7889,2024,270,25,55
7891,2024,11800,1760,2985
7892,2024,135,20,20
7894,2024,3085,425,630
7895,2024,860,125,165
7901,2024,3385,390,1115
7902,2024,5035,640,1270
7903,2024,400,60,50
7904,2024,5020,920,1010
7905,2024,4380,680,1050
7906,2024,6145,825,1355
7907,2024,2020,250,645
7908,2024,11440,2110,2180
7909,2024,2805,280,870
7910,2024,120,20,25
7911,2024,320,70,50
7912,2024,650,120,120
7913,2024,5280,880,1130
7914,2024,1925,305,390
7915,2024,80,5,15
7916,2024,2420,365,495
7917,2024,1325,190,270
7918,2024,1415,260,270
7921,2024,6885,1065,1920
7924,2024,1070,195,235
7925,2024,595,75,110
7926,2024,980,160,175
7927,2024,715,105,140
7928,2024,10,-99997,-99997
7929,2024,45,5,15
7931,2024,785,105,210
7932,2024,385,55,85
7933,2024,1670,245,435
7934,2024,640,80,135
7935,2024,80,20,10
7936,2024,785,135,165
7937,2024,60,-99997,20
7938,2024,965,145,205
7941,2024,6390,520,1860
7942,2024,6235,1020,880
7943,2024,8400,1155,1825
7944,2024,10445,2090,2000
7946,2024,1710,230,440
7948,2024,4040,630,875
7949,2024,125,20,30
7951,2024,11160,2435,1820
7954,2024,4155,1075,510
7955,2024,1445,165,405
7957,2024,2995,410,900
7958,2024,2570,385,635
7961,2024,3955,625,895
7963,2024,3655,430,1180
7964,2024,360,45,95
7965,2024,110,10,15
7966,2024,65,5,20
7971,2024,3700,465,1285
7973,2024,735,95,175
7974,2024,195,20,50
7975,2024,1430,185,390
7981,2024,2650,340,940
7983,2024,665,95,150
7984,2024,175,15,35
7985,2024,75,5,10
7986,2024,275,35,80
7991,2024,4185,530,1145
8011,2024,9115,715,1395
8012,2024,7155,1035,730
8013,2024,2585,345,340
8014,2024,12425,2110,2515
8015,2024,3100,465,635
8016,2024,7515,1120,1555
8017,2024,6880,1015,1580
8019,2024,2500,510,400
8021,2024,5900,490,925
8022,2024,5065,770,580
8023,2024,5745,975,985
8024,2024,4220,735,1170
8025,2024,1440,205,275
8026,2024,985,135,210
8028,2024,235,40,45
8031,2024,10045,1555,1575
8032,2024,10020,1575,2675
8033,2024,3345,575,915
8034,2024,715,95,220
8035,2024,290,45,65
8041,2024,370,50,85
8042,2024,5370,915,1120
8043,2024,23005,4990,2610
8044,2024,5095,1515,95
8045,2024,20,-99997,-99997
8051,2024,10575,1715,2610
8052,2024,2050,445,300
8055,2024,665,90,120
8061,2024,7780,1415,1545
8064,2024,4995,825,1075
8066,2024,590,100,110
8071,2024,13380,2260,3260
8072,2024,7880,1575,1520
8075,2024,5030,1175,840
8076,2024,700,50,205
8077,2024,2080,310,445
8079,2024,240,50,25
8081,2024,11695,1930,2575
8082,2024,915,240,40
8084,2024,7005,1255,1555
8085,2024,4295,800,810
8091,2024,12295,2010,2700
8094,2024,1500,255,280
8095,2024,1385,235,240
8096,2024,6455,1165,1315
8097,2024,2410,575,400
8101,2024,6250,940,1845
8102,2024,7300,1055,1975
8103,2024,6445,1230,1105
8105,2024,2265,315,490
8106,2024,1490,210,320
8107,2024,1190,180,260
8111,2024,3780,525,935
8112,2024,1285,180,250
8121,2024,8380,1185,2065
8124,2024,1280,205,255
8131,2024,8480,1295,1950
8141,2024,7240,985,2020
8144,2024,455,75,70
8146,2024,330,40,60
8147,2024,235,30,40
8148,2024,1535,230,325
8151,2024,1815,255,400
8152,2024,2735,450,605
8153,2024,155,30,20
8154,2024,90,5,15
8161,2024,6415,820,1855
8162,2024,9285,1330,2690
8166,2024,3220,525,675
8167,2024,1600,240,390
8171,2024,7855,1155,2185
8172,2024,4790,790,1055
8181,2024,11960,1750,3230
8191,2024,6410,1090,1380
8193,2024,190,25,45
8194,2024,665,100,160
8196,2024,635,80,130
8198,2024,65,10,15
8211,2024,335,35,95
8212,2024,4570,675,1165
8218,2024,230,55,25
8219,2024,3545,660,360
8221,2024,-99997,-99997,-99997
8222,2024,200,15,65
8223,2024,5570,1015,725
8224,2024,7690,1275,1640
8225,2024,8070,1340,1385
8226,2024,9615,1680,1335
8231,2024,5405,1100,970
8232,2024,7900,1260,1805
8233,2024,845,25,460
8239,2024,680,145,15
8241,2024,1565,210,390
8242,2024,6510,1040,1605
8243,2024,9610,1685,1770
8244,2024,4215,570,685
8245,2024,7525,1660,840
8251,2024,13280,1825,2895
8252,2024,5810,865,1285
8253,2024,10745,2200,1130
8254,2024,895,30,525
8255,2024,6505,960,1225
8256,2024,7120,1120,1325
8261,2024,5395,465,930
8262,2024,6470,1165,1320
8263,2024,765,150,90
8264,2024,2060,295,675
8265,2024,15485,2795,2890
8266,2024,7740,1880,1035
8267,2024,685,120,110
8269,2024,185,55,-99997
8271,2024,12765,2540,2340
8274,2024,885,165,170
8275,2024,655,135,115
8276,2024,860,155,155
8277,2024,1080,195,145
8278,2024,985,255,130
8281,2024,10495,2335,1590
8291,2024,5,-99997,-99997
8293,2024,150,35,15
8294,2024,175,45,25
8301,2024,2045,230,800
8302,2024,11585,2105,2060
8303,2024,9910,1715,1960
8304,2024,3445,560,835
8305,2024,365,75,50
8307,2024,3335,585,570
8308,2024,1955,315,370
8309,2024,2520,635,275
8311,2024,1720,375,225
8312,2024,1780,310,275
8313,2024,1715,320,340
8314,2024,1660,325,260
8315,2024,2455,400,250
8316,2024,3955,595,885
8317,2024,1580,220,280
8319,2024,-99997,-99997,-99997
8321,2024,13680,3330,1720
8322,2024,8275,2595,565
8323,2024,5,-99997,-99997
8325,2024,4390,735,1055
8326,2024,2565,455,470
8331,2024,10350,1325,2855
8332,2024,6155,955,1355
8333,2024,1005,255,105
8334,2024,2175,405,435
8335,2024,220,35,55
8336,2024,165,25,45
8337,2024,255,35,50
8338,2024,900,165,160
8339,2024,170,20,35
8341,2024,1880,295,500
8342,2024,260,35,45
8343,2024,610,80,135
8344,2024,320,45,65
8345,2024,325,65,65
8346,2024,490,50,120
8347,2024,595,115,125
8351,2024,830,135,215
8355,2024,2890,370,730
8356,2024,1360,200,350
8361,2024,80,15,15
8362,2024,25,-99997,-99997
8363,2024,165,10,65
8371,2024,625,85,110
8372,2024,45,5,10
8373,2024,335,55,70
8374,2024,930,145,190
8375,2024,2705,390,695
8376,2024,560,65,160
8377,2024,225,15,80
8378,2024,395,65,115
8381,2024,2090,215,820
8382,2024,290,20,115
8383,2024,510,80,120
8384,2024,950,130,305
8385,2024,365,35,105
8386,2024,115,-99997,45
8387,2024,220,-99997,10
8388,2024,570,75,170
8389,2024,335,50,90
8391,2024,3645,480,1035
8392,2024,865,120,215
8393,2024,205,25,50
8394,2024,390,55,85
8395,2024,1025,145,270
8396,2024,90,5,20
8397,2024,805,115,165
8398,2024,500,80,90
8401,2024,7525,1145,1945
8403,2024,265,35,70
8404,2024,1060,180,185
8405,2024,435,75,80
8406,2024,1615,285,305
8407,2024,1010,155,190
8408,2024,1310,180,290
8409,2024,745,95,155
8411,2024,3210,485,715
8412,2024,820,120,180
8413,2024,845,105,205
8414,2024,1470,190,430
8415,2024,410,30,105
8421,2024,1505,210,415
8422,2024,265,30,65
8423,2024,1035,135,245
8424,2024,680,100,170
8425,2024,330,50,90
8426,2024,4940,590,1410
8427,2024,405,35,105
8428,2024,365,25,95
8431,2024,9780,1480,2545
8432,2024,580,90,130
8433,2024,3190,405,870
8434,2024,835,115,165
8435,2024,1920,330,430
8437,2024,285,25,110
8438,2024,140,10,45
8439,2024,55,5,20
8441,2024,4775,560,1210
8442,2024,5845,600,1605
8443,2024,2860,435,890
8444,2024,285,-99997,160
8445,2024,1445,150,550
8446,2024,7310,1165,1735
8447,2024,3245,465,580
8448,2024,6000,1400,650
8449,2024,265,35,65
8451,2024,1395,255,245
8452,2024,130,20,40
8453,2024,980,140,260
8454,2024,685,80,210
8455,2024,615,60,135
8456,2024,1285,185,275
8457,2024,295,40,55
8458,2024,850,155,150
8459,2024,425,80,90
8461,2024,765,150,165
8462,2024,180,25,50
8463,2024,585,80,125
8464,2024,1240,210,250
8465,2024,1855,295,460
8466,2024,50,5,5
8467,2024,385,55,95
8468,2024,375,40,85
8469,2024,160,20,30
8471,2024,11205,1540,3125
8472,2024,2190,495,390
8474,2024,1095,165,275
8475,2024,535,90,105
8476,2024,320,55,80
8477,2024,145,20,25
8478,2024,240,35,55
8479,2024,205,35,45
8481,2024,130,10,35
8482,2024,210,35,45
8483,2024,445,80,80
8484,2024,275,50,60
8485,2024,465,90,90
8486,2024,230,35,45
8487,2024,140,20,30
8488,2024,190,20,40
8489,2024,35,-99997,10
8491,2024,3325,470,945
8493,2024,720,70,220
8494,2024,975,145,160
8495,2024,1505,270,345
8497,2024,55,5,5
8501,2024,9660,1350,2870
8502,2024,3240,525,730
8503,2024,65,15,10
8505,2024,65,10,10
8506,2024,535,60,110
8507,2024,230,25,50
8508,2024,515,85,120
8511,2024,235,20,85
8512,2024,285,35,85
8513,2024,360,75,55
8514,2024,85,10,15
8515,2024,75,20,15
8516,2024,85,15,10
8517,2024,785,125,140
8521,2024,3335,465,860
8522,2024,350,60,55
8523,2024,490,85,105
8524,2024,30,-99997,-99997
8525,2024,1045,145,230
8526,2024,95,15,30
8527,2024,130,25,10
8528,2024,45,10,15
8529,2024,85,15,20
8531,2024,8320,1235,2130
8532,2024,2030,330,395
8534,2024,55,-99997,20
8535,2024,185,35,25
8536,2024,885,135,180
8537,2024,255,40,50
8538,2024,675,130,105
8539,2024,1010,165,215
8541,2024,110,10,35
8542,2024,225,25,50
8551,2024,1390,210,325
8552,2024,30,10,-99997
8553,2024,105,5,40
8554,2024,65,20,5
8556,2024,695,75,195
8561,2024,4335,670,1260
8563,2024,645,95,160
8564,2024,110,10,30
8565,2024,405,70,90
8566,2024,565,85,125
8567,2024,1380,215,410
8571,2024,520,80,135
8572,2024,180,25,45
8573,2024,105,20,30
8574,2024,1030,165,280
8581,2024,355,60,80
8582,2024,290,55,55
8583,2024,40,-99997,10
8584,2024,570,80,125
8601,2024,3340,350,875
8602,2024,4800,770,820
8603,2024,5210,945,1015
8604,2024,5215,875,1355
8605,2024,2020,155,905
8606,2024,2780,325,765
8607,2024,5825,1030,1040
8608,2024,4845,790,1025
8611,2024,270,30,70
8612,2024,25,-99997,-99997
8613,2024,20,5,5
8614,2024,740,130,160
8615,2024,605,105,150
8616,2024,85,10,20
8617,2024,235,40,50
8618,2024,440,55,140
8621,2024,2405,325,565
8622,2024,625,100,110
8623,2024,320,50,70
8624,2024,385,45,125
8625,2024,1045,120,300
8626,2024,125,-99997,35
8627,2024,335,45,70
8628,2024,250,35,60
8629,2024,1565,255,370
8631,2024,45,10,5
8632,2024,195,30,40
8633,2024,635,100,190
8635,2024,395,70,85
8636,2024,95,15,25
8637,2024,285,55,55
8641,2024,105,15,40
8642,2024,65,15,10
8644,2024,110,10,30
8647,2024,330,40,85
8651,2024,2975,450,795
8658,2024,80,25,15
8701,2024,8115,1220,2140
8702,2024,1990,330,380
8711,2024,4675,730,1260
8713,2024,855,115,245
8715,2024,950,115,280
8721,2024,785,105,210
8722,2024,335,40,65
8723,2024,2770,435,830
8724,2024,330,55,65
8731,2024,2380,410,635
8732,2024,235,35,65
8733,2024,50,-99997,20
8734,2024,880,130,180
8735,2024,225,35,45
8736,2024,195,50,30
8737,2024,125,20,5
8741,2024,105,10,25
8742,2024,305,45,60
8743,2024,80,10,15
8744,2024,225,20,45
8745,2024,50,10,20
8746,2024,150,15,40
8747,2024,285,45,65
8748,2024,1800,290,495
8749,2024,600,95,130
8751,2024,165,20,40
8752,2024,20,-99997,15
8753,2024,80,10,15
8754,2024,3400,465,1000
8755,2024,105,20,20
8756,2024,50,10,10
8757,2024,190,25,50
8758,2024,100,15,15
8759,2024,440,55,110
8761,2024,225,50,35
8762,2024,85,15,15
8763,2024,480,95,105
8764,2024,95,15,20
8765,2024,440,70,75
8766,2024,-99997,-99997,-99997
8771,2024,965,145,170
8772,2024,20,-99997,-99997
8773,2024,335,45,75
8774,2024,145,40,25
8775,2024,45,10,10
8801,2024,7030,860,2025
8802,2024,6020,975,1410
8804,2024,1115,175,235
8805,2024,225,30,70
8806,2024,580,90,120
8807,2024,310,40,50
8808,2024,375,45,75
8809,2024,45,5,10
8811,2024,425,60,90
8812,2024,250,30,55
8813,2024,135,20,35
8814,2024,125,25,15
8816,2024,105,15,30
8821,2024,540,55,160
8822,2024,1020,150,185
8823,2024,305,35,80
8831,2024,1065,165,240
8832,2024,100,15,20
8833,2024,25,-99997,-99997
8834,2024,205,35,50
8835,2024,425,50,95
8841,2024,110,10,25
8842,2024,445,80,105
8843,2024,255,35,60
8844,2024,60,15,5
8845,2024,80,15,20
8851,2024,1400,205,340
8852,2024,65,10,15
8853,2024,40,10,5
8854,2024,545,95,95
8855,2024,1735,280,370
8856,2024,145,15,40
8857,2024,485,70,115
8861,2024,6550,615,2245
8862,2024,8600,1450,1835
8871,2024,10,-99997,5
8872,2024,580,75,140
8881,2024,2550,245,655
8882,2024,30,10,10
8883,2024,10,-99997,5
8884,2024,135,20,30
8885,2024,30,10,5
8891,2024,1005,125,250
8892,2024,20,-99997,5
8893,2024,100,10,15
8894,2024,255,30,55
8895,2024,145,15,45
8896,2024,470,75,115
8897,2024,150,25,30
8899,2024,1255,100,265
8911,2024,6845,180,680
8912,2024,205,25,35
8913,2024,4460,730,805
8914,2024,715,140,135
8915,2024,5220,795,1140
8916,2024,3175,400,585
8917,2024,3635,465,660
8918,2024,6180,885,1560
8919,2024,795,110,170
8921,2024,9105,945,1465
8922,2024,3305,350,410
8923,2024,3630,625,775
8924,2024,3630,580,365
8925,2024,5175,670,1595
8926,2024,5200,855,860
8927,2024,1245,275,130
8931,2024,3975,425,960
8932,2024,7100,825,1165
8933,2024,4090,395,665
8934,2024,2060,255,580
8935,2024,6685,855,1945
8936,2024,710,145,75
8937,2024,925,165,160
8938,2024,300,40,35
8939,2024,5480,1040,745
8941,2024,4005,1285,140
9001,2024,5715,765,1535
9003,2024,905,135,175
9004,2024,30,5,10
9005,2024,1890,325,375
9006,2024,35,5,-99997
9007,2024,80,5,15
9008,2024,1080,185,245
9009,2024,85,20,10
9011,2024,1400,260,260
9012,2024,640,115,130
9013,2024,165,25,45
9014,2024,330,50,70
9021,2024,335,55,65
9022,2024,1130,185,280
9023,2024,305,45,65
9024,2024,540,85,165
9025,2024,125,20,25
9026,2024,145,20,30
9027,2024,305,50,55
9031,2024,400,50,85
9032,2024,80,-99997,25
9033,2024,1045,145,235
9034,2024,1045,140,265
9035,2024,3305,540,765
9036,2024,2830,475,765
9037,2024,75,15,15
9038,2024,360,40,95
9041,2024,2685,500,505
9043,2024,195,15,50
9044,2024,745,130,150
9045,2024,915,140,190
9047,2024,1820,290,395
9051,2024,7805,1270,2000
9053,2024,165,15,50
9054,2024,420,80,85
9055,2024,955,135,250
9056,2024,430,65,95
9057,2024,305,45,85
9061,2024,2280,350,605
9062,2024,1965,290,585
9063,2024,760,125,150
9064,2024,700,120,155
9067,2024,185,30,45
9071,2024,235,20,55
9072,2024,315,50,55
9073,2024,1380,215,325
9074,2024,2670,480,540
9075,2024,255,25,65
9076,2024,4960,760,1325
9077,2024,705,115,105
9078,2024,940,115,205
9079,2024,1695,215,380
9081,2024,430,60,105
9082,2024,30,10,10
9083,2024,200,20,65
9084,2024,3350,695,765
9085,2024,15,-99997,10
9086,2024,275,55,45
9087,2024,45,10,10
9088,2024,1170,205,230
9089,2024,610,95,115
9091,2024,260,45,75
9101,2024,9425,1405,2510
9102,2024,1045,185,215
9103,2024,2570,410,515
9104,2024,5670,1005,1380
9105,2024,1100,185,200
9106,2024,45,5,15
9107,2024,55,10,10
9108,2024,1210,200,220
9109,2024,250,40,40
9111,2024,495,85,105
9112,2024,680,90,195
9113,2024,975,185,190
9114,2024,945,185,160
9121,2024,110,10,40
9122,2024,55,10,10
9123,2024,860,145,240
9124,2024,40,-99997,5
9125,2024,180,25,40
9131,2024,830,130,200
9132,2024,570,85,110
9133,2024,1160,225,205
9134,2024,390,90,85
9135,2024,235,40,55
9136,2024,205,20,45
9137,2024,925,170,160
9138,2024,370,55,80
9141,2024,300,40,85
9142,2024,215,30,60
9143,2024,370,55,105
9144,2024,220,40,40
9145,2024,1320,215,255
9146,2024,70,15,15
9147,2024,390,70,80
9148,2024,65,10,15
9151,2024,1590,270,325
9152,2024,45,-99997,10
9153,2024,240,35,55
9154,2024,70,10,15
9155,2024,215,35,30
9156,2024,110,10,20
9161,2024,1295,180,385
9162,2024,495,60,115
9163,2024,1285,170,285
9164,2024,760,135,155
9166,2024,970,85,300
9171,2024,835,155,180
9172,2024,1825,255,500
9173,2024,85,10,30
9174,2024,85,10,25
9175,2024,130,15,25
9176,2024,65,5,15
9177,2024,65,10,10
9178,2024,225,50,45
9201,2024,8185,1275,1600
9202,2024,8180,1410,1580
9203,2024,9810,1160,3495
9204,2024,8500,1435,1870
9205,2024,4600,730,770
9206,2024,60,-99997,5
9207,2024,6450,1045,1010
9211,2024,195,20,35
9212,2024,1825,325,335
9213,2024,630,50,250
9214,2024,50,-99997,20
9215,2024,255,35,55
9216,2024,1665,250,395
9217,2024,455,65,85
9218,2024,1790,290,380
9219,2024,340,60,70
9221,2024,1420,245,290
9222,2024,1260,205,225
9223,2024,940,160,205
9231,2024,6130,955,1630
9233,2024,1210,190,245
9241,2024,2105,390,425
9243,2024,1915,280,450
9244,2024,3650,430,1210
9245,2024,1640,240,330
9246,2024,70,10,20
9247,2024,4900,810,1160
9248,2024,835,120,160
9249,2024,990,180,170
9251,2024,10090,1560,2740
9254,2024,5080,775,1335
9255,2024,1620,280,410
9256,2024,765,110,165
9257,2024,2290,395,455
9258,2024,940,175,170
9261,2024,1575,265,345
9262,2024,1365,215,280
9263,2024,1875,305,425
9264,2024,395,55,90
9265,2024,635,115,105
9269,2024,3595,520,1015
9271,2024,5170,780,1255
9281,2024,4330,735,860
9283,2024,1215,185,235
9284,2024,1220,190,180
9285,2024,5940,985,1440
9286,2024,1120,165,195
9287,2024,1815,310,325
9288,2024,2470,425,460
9289,2024,1670,260,325
9291,2024,5790,875,1475
9292,2024,70,20,10
9293,2024,465,65,100
9294,2024,825,125,150
9295,2024,625,115,105
9296,2024,335,65,55
9297,2024,105,15,15
9298,2024,2980,510,540
9299,2024,575,95,100
9301,2024,11530,1540,3905
9302,2024,3315,575,590
9304,2024,230,30,70
9305,2024,325,45,95
9306,2024,110,10,50
9307,2024,195,25,50
9311,2024,1615,265,355
9312,2024,1015,130,325
9313,2024,150,20,40
9314,2024,220,40,85
9315,2024,335,40,80
9321,2024,5455,835,1450
9331,2024,4060,500,1415
9333,2024,225,30,60
9334,2024,135,10,35
9335,2024,165,20,45
9336,2024,140,20,25
9337,2024,175,25,30
9341,2024,1250,155,215
9342,2024,785,120,185
9343,2024,225,45,45
9351,2024,11990,2070,2835
9354,2024,2765,415,595
9355,2024,375,40,100
9356,2024,4410,635,1080
9359,2024,25,10,5
9361,2024,305,50,50
9362,2024,325,35,70
9363,2024,6080,950,1305
9364,2024,705,90,150
9365,2024,660,95,130
9366,2024,260,40,55
9367,2024,1685,270,375
9401,2024,7165,520,2340
9402,2024,8405,1135,2280
9403,2024,13870,2115,2670
9404,2024,7435,965,1940
9405,2024,6785,1050,1340
9406,2024,9285,1285,2230
9407,2024,6415,1085,1130
9408,2024,9625,2120,1010
9409,2024,265,20,85
9411,2024,8695,1140,2445
9412,2024,1185,145,275
9413,2024,1780,410,205
9414,2024,1555,215,370
9415,2024,900,140,170
9416,2024,160,25,25
9417,2024,380,40,95
9418,2024,1085,160,245
9419,2024,425,60,100
9421,2024,3300,480,790
9422,2024,4995,745,1250
9423,2024,1385,195,340
9431,2024,4740,535,1625
9432,2024,70,10,20
9433,2024,470,60,100
9434,2024,75,10,10
9435,2024,45,5,10
9436,2024,280,35,65
9437,2024,95,10,35
9438,2024,125,20,35
9439,2024,605,75,135
9441,2024,230,35,50
9442,2024,380,45,120
9443,2024,255,25,70
9444,2024,780,115,180
9445,2024,25,-99997,10
9446,2024,110,15,20
9447,2024,355,100,20
9448,2024,85,15,15
9449,2024,850,105,170
9451,2024,3715,455,1395
9452,2024,75,10,20
9453,2024,55,15,10
9454,2024,305,50,75
9455,2024,10,-99997,5
9456,2024,30,-99997,10
9457,2024,85,10,15
9458,2024,160,10,50
9459,2024,25,-99997,5
9461,2024,4960,680,1560
9462,2024,1860,255,610
9463,2024,1450,195,355
9464,2024,130,5,35
9465,2024,255,20,65
9466,2024,385,30,140
9467,2024,390,50,105
9468,2024,3595,490,1020
9469,2024,615,85,240
9471,2024,6405,965,2045
9472,2024,3640,680,795
9473,2024,450,50,95
9474,2024,325,55,80
9475,2024,345,40,130
9479,2024,540,60,195
9481,2024,4210,495,1335
9482,2024,1920,280,440
9483,2024,410,60,120
9484,2024,65,-99997,20
9485,2024,120,15,30
9486,2024,45,5,15
9487,2024,100,15,30
9488,2024,100,10,25
9489,2024,35,5,10
9491,2024,710,90,160
9492,2024,170,25,35
9493,2024,230,25,65
9494,2024,835,115,195
9495,2024,95,10,20
9496,2024,230,35,45
9497,2024,475,65,110
9501,2024,9720,1245,3075
9502,2024,5325,785,1235
9503,2024,3980,475,945
9511,2024,995,145,205
9512,2024,275,35,50
9514,2024,1875,265,440
9515,2024,670,100,170
9521,2024,4970,795,1010
9523,2024,595,90,120
9524,2024,445,60,85
9525,2024,290,60,55
9526,2024,85,15,25
9527,2024,115,15,35
9528,2024,795,95,170
9531,2024,5010,680,1640
9533,2024,540,65,170
9534,2024,125,10,35
9535,2024,35,5,5
9536,2024,340,50,90
9537,2024,175,25,45
9541,2024,3380,450,1050
9545,2024,695,75,205
9551,2024,2455,290,785
9561,2024,9960,1690,2325
9563,2024,990,125,205
9564,2024,50,-99997,20
9566,2024,595,75,145
9571,2024,2260,335,510
9573,2024,365,50,70
9574,2024,90,5,30
9581,2024,7320,1010,1855
9584,2024,1240,235,230
9585,2024,290,35,70
9591,2024,2865,420,770
9601,2024,6930,885,1705
9602,2024,11460,1695,2915
9603,2024,3655,630,1005
9605,2024,845,90,205
9606,2024,1600,160,475
9607,2024,985,130,165
9608,2024,870,105,185
9609,2024,20,-99997,-99997
9611,2024,8330,1245,1655
9613,2024,4105,1345,155
9614,2024,205,30,35
9615,2024,1360,200,315
9616,2024,515,60,90
9617,2024,3050,525,670
9618,2024,100,10,30
9619,2024,825,90,165
9621,2024,2285,335,545
9622,2024,80,15,15
9623,2024,170,25,35
9624,2024,55,5,10
9625,2024,515,75,110
9626,2024,1625,245,315
9627,2024,550,80,130
9628,2024,3200,415,820
9629,2024,205,25,65
9631,2024,435,55,115
9632,2024,55,10,15
9633,2024,105,15,20
9635,2024,1850,255,490
9636,2024,3560,430,810
9641,2024,5685,655,1755
9642,2024,7735,1255,1910
9644,2024,1590,175,310
9645,2024,4035,590,810
9646,2024,2490,380,575
9648,2024,5545,780,1145
9649,2024,4735,625,1155
9651,2024,1705,240,405
9654,2024,405,45,70
9655,2024,115,10,35
9656,2024,145,15,40
9657,2024,115,25,20
9658,2024,465,70,90
9659,2024,230,30,55
9661,2024,1270,170,265
9663,2024,4735,790,1075
9665,2024,7780,1125,1865
9671,2024,4465,390,1560
9672,2024,485,60,120
9673,2024,3235,455,910
9674,2024,3040,480,635
9675,2024,7020,1005,1660
9677,2024,1460,195,335
9678,2024,1495,215,305
9679,2024,5110,665,1475
9681,2024,2160,315,500
9682,2024,1485,175,335
9684,2024,2245,300,530
9685,2024,1425,170,310
9686,2024,2040,300,535
9687,2024,235,25,50
9688,2024,395,55,100
9691,2024,30,-99997,15
9693,2024,1310,150,355
9695,2024,3450,480,935
9696,2024,175,15,50
9697,2024,2605,290,900
9698,2024,1220,135,350
9699,2024,940,100,275
9711,2024,10370,205,815
9712,2024,11310,315,1030
9713,2024,13930,1345,1220
9714,2024,6540,470,390
9715,2024,8440,800,755
9716,2024,4140,535,270
9717,2024,6555,430,830
9718,2024,9790,430,990
9721,2024,11270,1590,2030
9722,2024,8465,1005,1760
9723,2024,6515,715,1170
9724,2024,5125,235,575
9725,2024,6315,335,765
9726,2024,5165,210,325
9727,2024,6000,640,575
9728,2024,10720,1180,2620
9731,2024,7810,1275,1535
9732,2024,5115,855,935
9733,2024,3630,595,935
9734,2024,2690,415,510
9735,2024,215,35,55
9736,2024,6035,1045,855
9737,2024,5870,820,940
9738,2024,380,40,85
9741,2024,8230,910,1105
9742,2024,11360,1205,2110
9743,2024,12625,1495,2115
9744,2024,5540,895,1215
9745,2024,3055,385,650
9746,2024,7835,1580,600
9747,2024,15,-99997,-99997
9749,2024,25,-99997,-99997
9751,2024,7840,1685,1930
9752,2024,5560,810,1925
9753,2024,5025,830,1170
9755,2024,750,120,165
9756,2024,1350,215,380
9761,2024,7090,1190,1955
9765,2024,3975,725,1050
9766,2024,3205,890,205
9771,2024,1130,185,305
9773,2024,130,30,30
9774,2024,695,110,195
9781,2024,8780,1405,2110
9784,2024,280,45,60
9785,2024,1020,140,285
9791,2024,4635,785,1085
9792,2024,805,130,145
9793,2024,110,15,25
9794,2024,75,10,15
9795,2024,340,45,55
9796,2024,180,25,40
9797,2024,530,85,135
9798,2024,495,60,140
9801,2024,8445,1745,1930
9804,2024,1445,235,280
9805,2024,450,85,65
9811,2024,285,50,55
9812,2024,45,5,10
9821,2024,1390,270,210
9822,2024,1570,245,345
9824,2024,455,55,95
9825,2024,200,30,40
9827,2024,140,15,45
9828,2024,715,120,125
9831,2024,2220,355,525
9832,2024,410,65,80
9833,2024,270,40,50
9841,2024,25,10,5
9842,2024,445,75,75
9843,2024,2720,410,680
9844,2024,235,40,45
9845,2024,305,25,80
9851,2024,620,130,110
9852,2024,205,25,25
9853,2024,475,75,100
9861,2024,3565,510,935
9862,2024,700,120,105
9863,2024,1115,195,175
9864,2024,625,90,150
9865,2024,2535,425,450
9866,2024,925,180,145
9871,2024,150,20,30
9872,2024,160,35,25
9873,2024,795,140,145
9881,2024,320,60,65
9882,2024,225,35,35
9883,2024,1495,275,270
9884,2024,250,35,60
9885,2024,195,30,35
9886,2024,100,10,35
9891,2024,765,100,200
9892,2024,310,50,90
9893,2024,425,70,110
9901,2024,4070,485,1230
9902,2024,4835,670,1400
9903,2024,1990,275,370
9904,2024,110,10,30
9905,2024,1010,135,240
9906,2024,750,115,155
9907,2024,160,20,45
9908,2024,310,40,65
9909,2024,1340,195,315
9911,2024,180,10,55
9912,2024,245,30,65
9913,2024,115,5,50
9914,2024,525,85,75
9915,2024,660,105,140
9917,2024,475,55,145
9918,2024,530,80,115
9919,2024,2320,310,700
9921,2024,905,140,205
9922,2024,430,70,110
9923,2024,200,30,50
9924,2024,25,-99997,10
9925,2024,15,-99997,-99997
9931,2024,1610,275,265
9932,2024,4510,705,840
9933,2024,4305,590,1420
9934,2024,4990,585,1680
9936,2024,1670,240,385
9937,2024,570,65,145
9939,2024,260,30,60
9942,2024,110,10,30
9943,2024,335,30,65
9944,2024,1325,150,375
9945,2024,1765,250,400
9946,2024,960,125,210
9947,2024,375,35,85
9948,2024,320,40,90
9949,2024,145,15,30
9951,2024,7445,1245,1880
9953,2024,1865,245,485
9954,2024,100,20,25
9955,2024,215,35,50
9956,2024,435,30,150
9957,2024,45,5,10
9959,2024,580,90,130
9961,2024,185,25,40
9962,2024,95,-99997,40
9963,2024,265,35,75
9964,2024,740,80,215
9965,2024,1760,255,510
9966,2024,150,25,35
9967,2024,1485,210,410
9968,2024,415,55,145
9969,2024,245,40,80
9971,2024,1380,215,320
9972,2024,75,20,20
9973,2024,205,15,60
9974,2024,1205,165,270
9975,2024,180,20,60
9976,2024,145,-99997,75
9977,2024,1265,170,340
9978,2024,190,35,40
9979,2024,-99997,-99997,-99997
9981,2024,5470,700,1575
9982,2024,3160,505,730
9983,2024,1150,195,250
9984,2024,240,40,50
9985,2024,135,35,25
9986,2024,110,15,25
9987,2024,215,20,55
9988,2024,1375,205,345
9989,2024,2270,285,625
9991,2024,2170,325,525
9992,2024,120,10,40
9993,2024,120,20,20
9994,2024,75,15,20
9995,2024,660,120,115
9996,2024,70,10,20
9997,2024,575,80,130
9998,2024,170,30,35
9999,2024,90,10,35
